,RESOLUCAO,EMPRESA,AUTORIZACAO,NOME_PRODUTO_MARCA,NUMERO_PROCESSO,NUMERO_REGISTRO,VENDA_EMPREGO,VENCIMENTO,APRESENTACAO,VALIDADE_PRODUTO,CATEGORIA,ASSUNTO_PETICAO,EXPEDIENTE_PETICAO,VERSAO
0,"RESOLUÇÃO-RE nº 255, de 27 de janeiro de 2022",ADAURI DONIZETE DA SILVA & CIA LTDA,3.06123-9,QUALY CLOR,5351.020491/2022-70,3.6123.0006.001-5,PRODUTO DE VENDA LIVRE,02/2032,FRASCO DE PLASTICO OPACO GOTEJADOR + CAIXA DE PAPELAO,12 Meses,3211062 DESINFETANTE PARA HORTIFRUTÍCOLAS,30020 REG. SANEANTES - Registro de produtos saneantes,None,None
1,"RESOLUÇÃO-RE nº 255, de 27 de janeiro de 2022",ALI CLEAN INDUSTRIA E COMERCIO LTDA - ME,3.06769-1,MASTER CLEAN DETERGENTE DESINCRUSTANTE ACIDO,5351.016599/2022-68,3.6769.0003.001-6,PRODUTO DE USO PROFISSIONAL OU DE VENDA RESTRITA,02/2032,MASTER CLEAN 1/20 + GALAO + PRODUTO SOMENTE CONTEM EMBALAGEM PRIMARIA,12 Meses,3222029 DESINCRUSTANTE ÁCIDO,30020 REG. SANEANTES - Registro de produtos saneantes,None,None
2,"RESOLUÇÃO-RE nº 255, de 27 de janeiro de 2022",ALI CLEAN INDUSTRIA E COMERCIO LTDA - ME,3.06769-1,MASTER CLEAN DETERGENTE DESINCRUSTANTE ACIDO,5351.016599/2022-68,3.6769.0003.002-4,PRODUTO DE USO PROFISSIONAL OU DE VENDA RESTRITA,02/2032,MASTER CLEAN 1/40 + GALAO + PRODUTO SOMENTE CONTEM EMBALAGEM PRIMARIA,12 Meses,3222029 DESINCRUSTANTE ÁCIDO,30020 REG. SANEANTES - Registro de produtos saneantes,None,None
3,"RESOLUÇÃO-RE nº 255, de 27 de janeiro de 2022",ALI CLEAN INDUSTRIA E COMERCIO LTDA - ME,3.06769-1,MASTER CLEAN DETERGENTE DESINCRUSTANTE ACIDO,5351.016599/2022-68,3.6769.0003.003-2,PRODUTO DE USO PROFISSIONAL OU DE VENDA RESTRITA,02/2032,MASTER CLEAN 1/100 + GALAO + PRODUTO SOMENTE CONTEM EMBALAGEM PRIMARIA,12 Meses,3222029 DESINCRUSTANTE ÁCIDO,30020 REG. SANEANTES - Registro de produtos saneantes,None,None
4,"RESOLUÇÃO-RE nº 255, de 27 de janeiro de 2022",Atomos Quimica e Produtos de Limpeza Ltda,3.05670-1,DESINFETANTE CLORADO HIPO 12 CLARILIMP,5351.014268/2022-93,3.5670.0006.001-0,PRODUTO DE VENDA LIVRE,02/2032,DESINFETANTE CLORADO HIPO 12 CLARILIMP + GALAO PLASTICO + CAIXA DE PAPELAO,12 Meses,3205061 DESINFETANTE PARA USO GERAL,30020 REG. SANEANTES - Registro de produtos saneantes,None,None
5,"RESOLUÇÃO-RE nº 255, de 27 de janeiro de 2022",BOMBRIL S/A,3.00589-1,PINHO BRIL PLUS,5001.002282/88,3.0589.0091.001-1,PRODUTO DE VENDA LIVRE,04/2029,FRASCO DE PLASTICO TRANSPARENTE (500ML) + CAIXA DE PAPELAO,2 Ano(s),3205061 DESINFETANTE PARA USO GERAL,389 REG. SANEANTES - Alteração de Rotulagem de Produto,7288827/21-6,None
6,"RESOLUÇÃO-RE nº 255, de 27 de janeiro de 2022",BOMBRIL S/A,3.00589-1,PINHO BRIL PLUS,5001.002282/88,3.0589.0091.002-8,PRODUTO DE VENDA LIVRE,04/2029,FRASCO DE PLASTICO TRANSPARENTE (1L) + CAIXA DE PAPELAO,2 Ano(s),3205061 DESINFETANTE PARA USO GERAL,389 REG. SANEANTES - Alteração de Rotulagem de Produto,7288827/21-6,None
7,"RESOLUÇÃO-RE nº 255, de 27 de janeiro de 2022",BOMBRIL S/A,3.00589-1,PINHO BRIL PLUS,5001.002282/88,3.0589.0091.003-6,PRODUTO DE VENDA LIVRE,04/2029,FRASCO DE PLASTICO TRANSPARENTE (5L) + CAIXA DE PAPELAO,2 Ano(s),3205061 DESINFETANTE PARA USO GERAL,389 REG. SANEANTES - Alteração de Rotulagem de Produto,7288827/21-6,None
8,"RESOLUÇÃO-RE nº 255, de 27 de janeiro de 2022",BOMBRIL S/A,3.00589-1,PINHO BRIL PLUS,5001.002282/88,3.0589.0091.004-4,PRODUTO DE VENDA LIVRE,04/2029,FRASCO DE PLASTICO TRANSPARENTE (500ML),2 Ano(s),3205061 DESINFETANTE PARA USO GERAL,389 REG. SANEANTES - Alteração de Rotulagem de Produto,7288827/21-6,None
9,"RESOLUÇÃO-RE nº 255, de 27 de janeiro de 2022",BOMBRIL S/A,3.00589-1,PINHO BRIL PLUS,5001.002282/88,3.0589.0091.005-6,PRODUTO DE VENDA LIVRE,04/2029,FRASCO DE PLASTICO TRANSPARENTE (1L),2 Ano(s),3205061 DESINFETANTE PARA USO GERAL,389 REG. SANEANTES - Alteração de Rotulagem de Produto,7288827/21-6,None
10,"RESOLUÇÃO-RE nº 255, de 27 de janeiro de 2022",BOMBRIL S/A,3.00589-1,PINHO BRIL PLUS,5001.002282/88,3.0589.0091.006-0,PRODUTO DE VENDA LIVRE,04/2029,FRASCO DE PLASTICO TRANSPARENTE (5L),2 Ano(s),3205061 DESINFETANTE PARA USO GERAL,389 REG. SANEANTES - Alteração de Rotulagem de Produto,7288827/21-6,None
11,"RESOLUÇÃO-RE nº 255, de 27 de janeiro de 2022",BOMBRIL S/A,3.00589-1,PINHO BRIL PLUS,5001.002282/88,3.0589.0091.007-9,PRODUTO DE VENDA LIVRE,04/2029,FRASCO DE PLASTICO TRANSPARENTE,2 Ano(s),3205061 DESINFETANTE PARA USO GERAL,389 REG. SANEANTES - Alteração de Rotulagem de Produto,7288827/21-6,None
12,"RESOLUÇÃO-RE nº 255, de 27 de janeiro de 2022",BOMBRIL S/A,3.00589-1,PINHO BRIL PLUS,5001.002282/88,3.0589.0091.008-7,PRODUTO DE VENDA LIVRE,04/2029,FRASCO DE PLASTICO TRANSPARENTE + CAIXA DE PAPELAO,2 Ano(s),3205061 DESINFETANTE PARA USO GERAL,389 REG. SANEANTES - Alteração de Rotulagem de Produto,7288827/21-6,None
13,"RESOLUÇÃO-RE nº 255, de 27 de janeiro de 2022",BRANNEVE INDÚSTRIA E COMÉRCIO LTDA,3.01155-8,DESINFETANTE ESTRELA,5351.353916/2011-37,3.1155.0014.011-2,PRODUTO DE VENDA LIVRE,02/2032,FRASCO DE PLÁSTICO TRANSLÚCIDO + CAIXA DE PAPELAO,24 Dias,3205061 DESINFETANTE PARA USO GERAL,3782 REG. SANEANTES - Retificação de Publicação de Registro,0324626/22-4,PINHO
14,"RESOLUÇÃO-RE nº 255, de 27 de janeiro de 2022",BRANNEVE INDÚSTRIA E COMÉRCIO LTDA,3.01155-8,DESINFETANTE ESTRELA,5351.353916/2011-37,3.1155.0014.012-0,PRODUTO DE VENDA LIVRE,02/2032,FRASCO DE PLASTICO TRANSLUCIDO + CAIXA DE PAPELAO,24 Meses,3205061 DESINFETANTE PARA USO GERAL,3782 REG. SANEANTES - Retificação de Publicação de Registro,0324626/22-4,LAVANDA
15,"RESOLUÇÃO-RE nº 255, de 27 de janeiro de 2022",BRANNEVE INDÚSTRIA E COMÉRCIO LTDA,3.01155-8,DESINFETANTE ESTRELA,5351.353916/2011-37,3.1155.0014.013-9,PRODUTO DE VENDA LIVRE,02/2032,FRASCO DE PLASTICO TRANSLUCIDO + CAIXA DE PAPELAO,24 Meses,3205061 DESINFETANTE PARA USO GERAL,3782 REG. SANEANTES - Retificação de Publicação de Registro,0324626/22-4,MARINE
16,"RESOLUÇÃO-RE nº 255, de 27 de janeiro de 2022",BRANNEVE INDÚSTRIA E COMÉRCIO LTDA,3.01155-8,DESINFETANTE ESTRELA,5351.353916/2011-37,3.1155.0014.014-7,PRODUTO DE VENDA LIVRE,02/2032,FRASCO DE PLASTICO TRANSLUCIDO + CAIXA DE PAPELAO,24 Meses,3205061 DESINFETANTE PARA USO GERAL,3782 REG. SANEANTES - Retificação de Publicação de Registro,0324626/22-4,CITRUS
17,"RESOLUÇÃO-RE nº 255, de 27 de janeiro de 2022",BRANNEVE INDÚSTRIA E COMÉRCIO LTDA,3.01155-8,DESINFETANTE ESTRELA,5351.353916/2011-37,3.1155.0014.015-5,PRODUTO DE VENDA LIVRE,02/2032,FRASCO DE PLASTICO TRANSLUCIDO + CAIXA DE PAPELAO,24 Meses,3205061 DESINFETANTE PARA USO GERAL,3782 REG. SANEANTES - Retificação de Publicação de Registro,0324626/22-4,FLORES DO CAMPO
18,"RESOLUÇÃO-RE nº 255, de 27 de janeiro de 2022",BRANNEVE INDÚSTRIA E COMÉRCIO LTDA,3.01155-8,DESINFETANTE ESTRELA,5351.353916/2011-37,3.1155.0014.016-3,PRODUTO DE VENDA LIVRE,02/2032,FRASCO DE PLASTICO TRANSLUCIDO + CAIXA DE PAPELAO,24 Meses,3205061 DESINFETANTE PARA USO GERAL,3782 REG. SANEANTES - Retificação de Publicação de Registro,0324626/22-4,EUCALIPTO
19,"RESOLUÇÃO-RE nº 255, de 27 de janeiro de 2022",BRANNEVE INDÚSTRIA E COMÉRCIO LTDA,3.01155-8,DESINFETANTE ESTRELA,5351.353916/2011-37,3.1155.0014.017-1,PRODUTO DE VENDA LIVRE,02/2032,FRASCO DE PLASTICO TRANSLUCIDO + CAIXA DE PAPELAO,24 Meses,3205061 DESINFETANTE PARA USO GERAL,3782 REG. SANEANTES - Retificação de Publicação de Registro,0324626/22-4,HERBAL
20,"RESOLUÇÃO-RE nº 255, de 27 de janeiro de 2022",BRANNEVE INDÚSTRIA E COMÉRCIO LTDA,3.01155-8,DESINFETANTE ESTRELA,5351.353916/2011-37,3.1155.0014.018-1,PRODUTO DE VENDA LIVRE,02/2032,GALAO PLASTICO + CAIXA DE PAPELAO,24 Meses,3205061 DESINFETANTE PARA USO GERAL,3782 REG. SANEANTES - Retificação de Publicação de Registro,0324626/22-4,EUCALIPTO
21,"RESOLUÇÃO-RE nº 255, de 27 de janeiro de 2022",BRANNEVE INDÚSTRIA E COMÉRCIO LTDA,3.01155-8,DESINFETANTE ESTRELA,5351.353916/2011-37,3.1155.0014.019-8,PRODUTO DE VENDA LIVRE,02/2032,GALAO PLASTICO + CAIXA DE PAPELAO,24 Meses,3205061 DESINFETANTE PARA USO GERAL,3782 REG. SANEANTES - Retificação de Publicação de Registro,0324626/22-4,LAVANDA
22,"RESOLUÇÃO-RE nº 255, de 27 de janeiro de 2022",BRASCOM DO NORDESTE INDÚSTRIA E COMÉRCIO LTDA.,3.02603-1,BRASCIL MAX,5351.550723/2021-39,3.2603.0020.001-6,PRODUTO DE USO PROFISSIONAL OU DE VENDA RESTRITA,02/2032,BALDE PLASTICO + PRODUTO SOMENTE CONTEM EMBALAGEM PRIMARIA,24 Meses,3205029 DESINFETANTE HOSPITALAR PARA SUPERFÍCIES FIXAS E ARTIGOS NÃO CRÍTICOS,30020 REG. SANEANTES - Registro de produtos saneantes,None,None
23,"RESOLUÇÃO-RE nº 255, de 27 de janeiro de 2022",BRASCOM DO NORDESTE INDÚSTRIA E COMÉRCIO LTDA.,3.02603-1,BRASCIL MAX,5351.550723/2021-39,3.2603.0020.002-4,PRODUTO DE USO PROFISSIONAL OU DE VENDA RESTRITA,02/2032,BOMBONA PLASTICA + PRODUTO SOMENTE CONTEM EMBALAGEM PRIMARIA,24 Meses,3205029 DESINFETANTE HOSPITALAR PARA SUPERFÍCIES FIXAS E ARTIGOS NÃO CRÍTICOS,30020 REG. SANEANTES - Registro de produtos saneantes,None,None
24,"RESOLUÇÃO-RE nº 255, de 27 de janeiro de 2022",BRILHO XIKE PRODUTOS DE LIMPEZA LTDA- ME,3.03499-0,DET CLEAN CHLOR,5351.016551/2022-50,3.3499.0019.001-7,PRODUTO DE USO PROFISSIONAL OU DE VENDA RESTRITA,02/2032,SEM VERSÃO + FRASCO DE PLASTICO OPACO + PRODUTO SOMENTE CONTEM EMBALAGEM PRIMARIA,6 Meses,3222030 DESINCRUSTANTE ALCALINO,30020 REG. SANEANTES - Registro de produtos saneantes,None,None
25,"RESOLUÇÃO-RE nº 255, de 27 de janeiro de 2022",BRILHO XIKE PRODUTOS DE LIMPEZA LTDA- ME,3.03499-0,DET CLEAN CHLOR,5351.016551/2022-50,3.3499.0019.002-5,PRODUTO DE USO PROFISSIONAL OU DE VENDA RESTRITA,02/2032,SEM VERSÃO + GALAO PLASTICO + PRODUTO SOMENTE CONTEM EMBALAGEM PRIMARIA,6 Meses,3222030 DESINCRUSTANTE ALCALINO,30020 REG. SANEANTES - Registro de produtos saneantes,None,None
26,"RESOLUÇÃO-RE nº 255, de 27 de janeiro de 2022",BRILHO XIKE PRODUTOS DE LIMPEZA LTDA- ME,3.03499-0,DET CLEAN CHLOR,5351.016551/2022-50,3.3499.0019.003-3,PRODUTO DE USO PROFISSIONAL OU DE VENDA RESTRITA,02/2032,SEM VERSÃO + BOMBONA PLASTICA OPACA + PRODUTO SOMENTE CONTEM EMBALAGEM PRIMARIA,6 Meses,3222030 DESINCRUSTANTE ALCALINO,30020 REG. SANEANTES - Registro de produtos saneantes,None,None
27,"RESOLUÇÃO-RE nº 255, de 27 de janeiro de 2022",BRILHO XIKE PRODUTOS DE LIMPEZA LTDA- ME,3.03499-0,DETERGENTE CLORADO - GERAL QUÍMICA,5351.016570/2022-86,3.3499.0020.001-2,PRODUTO DE USO PROFISSIONAL OU DE VENDA RESTRITA,02/2032,SEM VERSÃO + FRASCO DE PLASTICO OPACO + PRODUTO SOMENTE CONTEM EMBALAGEM PRIMARIA,6 Meses,3222030 DESINCRUSTANTE ALCALINO,30020 REG. SANEANTES - Registro de produtos saneantes,None,None
28,"RESOLUÇÃO-RE nº 255, de 27 de janeiro de 2022",BRILHO XIKE PRODUTOS DE LIMPEZA LTDA- ME,3.03499-0,DETERGENTE CLORADO - GERAL QUÍMICA,5351.016570/2022-86,3.3499.0020.002-0,PRODUTO DE USO PROFISSIONAL OU DE VENDA RESTRITA,02/2032,SEM VERSÃO + GALAO PLASTICO + PRODUTO SOMENTE CONTEM EMBALAGEM PRIMARIA,6 Meses,3222030 DESINCRUSTANTE ALCALINO,30020 REG. SANEANTES - Registro de produtos saneantes,None,None
29,"RESOLUÇÃO-RE nº 255, de 27 de janeiro de 2022",BRILHO XIKE PRODUTOS DE LIMPEZA LTDA- ME,3.03499-0,DETERGENTE CLORADO - GERAL QUÍMICA,5351.016570/2022-86,3.3499.0020.003-9,PRODUTO DE USO PROFISSIONAL OU DE VENDA RESTRITA,02/2032,SEM VERSÃO + BOMBONA PLASTICA OPACA + PRODUTO SOMENTE CONTEM EMBALAGEM PRIMARIA,6 Meses,3222030 DESINCRUSTANTE ALCALINO,30020 REG. SANEANTES - Registro de produtos saneantes,None,None
30,"RESOLUÇÃO-RE nº 255, de 27 de janeiro de 2022",CHRISTEYNS BRASIL - PRODUTOS QUIMICOS LTDA,3.05098-7,MIDA FLOW 115 MS,5351.346594/2021-86,3.5098.0040.001-3,PRODUTO DE USO PROFISSIONAL OU DE VENDA RESTRITA,02/2032,. + BOMBONA PLASTICA + PRODUTO SOMENTE CONTEM EMBALAGEM PRIMARIA,24 Meses,3211042 DETERGENTE DESENGORDURANTE,30020 REG. SANEANTES - Registro de produtos saneantes,None,None
31,"RESOLUÇÃO-RE nº 255, de 27 de janeiro de 2022",CHRISTEYNS BRASIL - PRODUTOS QUIMICOS LTDA,3.05098-7,MIDA FLOW 115 MS,5351.346594/2021-86,3.5098.0040.002-1,PRODUTO DE USO PROFISSIONAL OU DE VENDA RESTRITA,02/2032,. + BOMBONA PLASTICA + CAIXA DE PAPELAO,24 Meses,3211042 DETERGENTE DESENGORDURANTE,30020 REG. SANEANTES - Registro de produtos saneantes,None,None
32,"RESOLUÇÃO-RE nº 255, de 27 de janeiro de 2022",CHRISTEYNS BRASIL - PRODUTOS QUIMICOS LTDA,3.05098-7,MIDA FLOW 115 MS,5351.346594/2021-86,3.5098.0040.003-1,PRODUTO DE USO PROFISSIONAL OU DE VENDA RESTRITA,02/2032,. + TAMBOR PLASTICO + PRODUTO SOMENTE CONTEM EMBALAGEM PRIMARIA,24 Meses,3211042 DETERGENTE DESENGORDURANTE,30020 REG. SANEANTES - Registro de produtos saneantes,None,None
33,"RESOLUÇÃO-RE nº 255, de 27 de janeiro de 2022",CHRISTEYNS BRASIL - PRODUTOS QUIMICOS LTDA,3.05098-7,MIDA FLOW 115 MS,5351.346594/2021-86,3.5098.0040.004-8,PRODUTO DE USO PROFISSIONAL OU DE VENDA RESTRITA,02/2032,. + ACONDICIONAMENTO NAO PREVISTO NA TABELA + PRODUTO SOMENTE CONTEM EMBALAGEM PRIMARIA,24 Meses,3211042 DETERGENTE DESENGORDURANTE,30020 REG. SANEANTES - Registro de produtos saneantes,None,None
34,"RESOLUÇÃO-RE nº 255, de 27 de janeiro de 2022",CRB QUIMICA INDUSTRIA E COMERCIO LTDA- EPP,3.02711-4,DETERGENTE LÍQUIDO PARA ROUPAS E TECIDOS BLANCO BV,5351.020505/2022-55,3.2711.0040.001-7,PRODUTO DE USO PROFISSIONAL OU DE VENDA RESTRITA,02/2032,. + FRASCO DE PLÁSTICO TRANSLÚCIDO + CAIXA DE PAPELAO,24 Meses,3103071 DETERGENTE PARA LAVAR ROUPAS,30020 REG. SANEANTES - Registro de produtos saneantes,None,None
35,"RESOLUÇÃO-RE nº 255, de 27 de janeiro de 2022",CRB QUIMICA INDUSTRIA E COMERCIO LTDA- EPP,3.02711-4,DETERGENTE LÍQUIDO PARA ROUPAS E TECIDOS BLANCO BV,5351.020505/2022-55,3.2711.0040.002-5,PRODUTO DE USO PROFISSIONAL OU DE VENDA RESTRITA,02/2032,. + BOMBONA PLASTICA OPACA + PRODUTO SOMENTE CONTEM EMBALAGEM PRIMARIA,24 Meses,3103071 DETERGENTE PARA LAVAR ROUPAS,30020 REG. SANEANTES - Registro de produtos saneantes,None,None
36,"RESOLUÇÃO-RE nº 255, de 27 de janeiro de 2022",CRUZEIRO ELABORACAO DE PRODUTOS DIVERSIFICADOS LTDA,3.10754-8,ÁLCOOL ETÍLICO LÍQUIDO 70 ºINPM CRUZEIRO,5351.023444/2022-88,3.0754.0007.001-2,PRODUTO DE USO PROFISSIONAL OU DE VENDA RESTRITA,02/2032,FRASCO DE PLASTICO TRANSPARENTE + FILME PLASTICO,24 Meses,3205029 DESINFETANTE HOSPITALAR PARA SUPERFÍCIES FIXAS E ARTIGOS NÃO CRÍTICOS,30020 REG. SANEANTES - Registro de produtos saneantes,None,None
37,"RESOLUÇÃO-RE nº 255, de 27 de janeiro de 2022",CRUZEIRO ELABORACAO DE PRODUTOS DIVERSIFICADOS LTDA,3.10754-8,ÁLCOOL ETÍLICO LÍQUIDO 70 ºINPM CRUZEIRO,5351.023444/2022-88,3.0754.0007.002-0,PRODUTO DE USO PROFISSIONAL OU DE VENDA RESTRITA,02/2032,FRASCO DE PLÁSTICO TRANSLÚCIDO + FILME PLASTICO,24 Meses,3205029 DESINFETANTE HOSPITALAR PARA SUPERFÍCIES FIXAS E ARTIGOS NÃO CRÍTICOS,30020 REG. SANEANTES - Registro de produtos saneantes,None,None
38,"RESOLUÇÃO-RE nº 255, de 27 de janeiro de 2022",CRUZEIRO ELABORACAO DE PRODUTOS DIVERSIFICADOS LTDA,3.10754-8,ÁLCOOL ETÍLICO LÍQUIDO 70 ºINPM CRUZEIRO,5351.023444/2022-88,3.0754.0007.003-9,PRODUTO DE USO PROFISSIONAL OU DE VENDA RESTRITA,02/2032,FRASCO DE PLASTICO OPACO + FILME PLASTICO,24 Meses,3205029 DESINFETANTE HOSPITALAR PARA SUPERFÍCIES FIXAS E ARTIGOS NÃO CRÍTICOS,30020 REG. SANEANTES - Registro de produtos saneantes,None,None
39,"RESOLUÇÃO-RE nº 255, de 27 de janeiro de 2022",CRUZEIRO ELABORACAO DE PRODUTOS DIVERSIFICADOS LTDA,3.10754-8,ÁLCOOL ETÍLICO LÍQUIDO 70 ºINPM CRUZEIRO,5351.023444/2022-88,3.0754.0007.004-7,PRODUTO DE USO PROFISSIONAL OU DE VENDA RESTRITA,02/2032,GALAO PLASTICO + FILME PLASTICO,24 Meses,3205029 DESINFETANTE HOSPITALAR PARA SUPERFÍCIES FIXAS E ARTIGOS NÃO CRÍTICOS,30020 REG. SANEANTES - Registro de produtos saneantes,None,None
40,"RESOLUÇÃO-RE nº 255, de 27 de janeiro de 2022",C-TEC INDUSTRIA E COMERCIO DE PRODUTOS QUIMICOS LTDA ME,3.08012-8,REMOLIMP ALCA,5351.023459/2022-46,3.8012.0054.001-2,PRODUTO DE USO PROFISSIONAL OU DE VENDA RESTRITA,02/2032,VERSÃO 1 + FRASCO + PRODUTO SOMENTE CONTEM EMBALAGEM PRIMARIA,24 Meses,3222030 DESINCRUSTANTE ALCALINO,30020 REG. SANEANTES - Registro de produtos saneantes,None,None
41,"RESOLUÇÃO-RE nº 255, de 27 de janeiro de 2022",C-TEC INDUSTRIA E COMERCIO DE PRODUTOS QUIMICOS LTDA ME,3.08012-8,REMOLIMP ALCA,5351.023459/2022-46,3.8012.0054.002-0,PRODUTO DE USO PROFISSIONAL OU DE VENDA RESTRITA,02/2032,VERSÃO 1 + GALAO PLASTICO + PRODUTO SOMENTE CONTEM EMBALAGEM PRIMARIA,24 Meses,3222030 DESINCRUSTANTE ALCALINO,30020 REG. SANEANTES - Registro de produtos saneantes,None,None
42,"RESOLUÇÃO-RE nº 255, de 27 de janeiro de 2022",C-TEC INDUSTRIA E COMERCIO DE PRODUTOS QUIMICOS LTDA ME,3.08012-8,REMOLIMP ALCA,5351.023459/2022-46,3.8012.0054.003-9,PRODUTO DE USO PROFISSIONAL OU DE VENDA RESTRITA,02/2032,VERSÃO 1 + BOMBONA PLASTICA + PRODUTO SOMENTE CONTEM EMBALAGEM PRIMARIA,24 Meses,3222030 DESINCRUSTANTE ALCALINO,30020 REG. SANEANTES - Registro de produtos saneantes,None,None
43,"RESOLUÇÃO-RE nº 255, de 27 de janeiro de 2022",C-TEC INDUSTRIA E COMERCIO DE PRODUTOS QUIMICOS LTDA ME,3.08012-8,REMOLIMP ALCA,5351.023459/2022-46,3.8012.0054.004-7,PRODUTO DE USO PROFISSIONAL OU DE VENDA RESTRITA,02/2032,VERSÃO 1 + TAMBOR PLASTICO + PRODUTO SOMENTE CONTEM EMBALAGEM PRIMARIA,24 Meses,3222030 DESINCRUSTANTE ALCALINO,30020 REG. SANEANTES - Registro de produtos saneantes,None,None
44,"RESOLUÇÃO-RE nº 255, de 27 de janeiro de 2022",DELAVAL LTDA,3.05569-4,RTD,5351.629633/2013-68,3.5569.0003.001-5,PRODUTO DE USO PROFISSIONAL OU DE VENDA RESTRITA,02/2029,BOMBONA PLASTICA,6 Meses,3222030 DESINCRUSTANTE ALCALINO,389 REG. SANEANTES - Alteração de Rotulagem de Produto,3024771/21-2,None
45,"RESOLUÇÃO-RE nº 255, de 27 de janeiro de 2022",DELAVAL LTDA,3.05569-4,RTD,5351.629633/2013-68,3.5569.0003.002-3,PRODUTO DE USO PROFISSIONAL OU DE VENDA RESTRITA,02/2029,GALAO PLASTICO,6 Meses,3222030 DESINCRUSTANTE ALCALINO,389 REG. SANEANTES - Alteração de Rotulagem de Produto,3024771/21-2,None
46,"RESOLUÇÃO-RE nº 255, de 27 de janeiro de 2022",DELAVAL LTDA,3.05569-4,RTD,5351.629633/2013-68,3.5569.0003.003-1,PRODUTO DE USO PROFISSIONAL OU DE VENDA RESTRITA,02/2029,TAMBOR PLASTICO,6 Meses,3222030 DESINCRUSTANTE ALCALINO,389 REG. SANEANTES - Alteração de Rotulagem de Produto,3024771/21-2,None
47,"RESOLUÇÃO-RE nº 255, de 27 de janeiro de 2022",DELAVAL LTDA,3.05569-4,DELLA-SUPER,5351.735731/2018-58,3.5569.0013.001-1,PRODUTO DE USO PROFISSIONAL OU DE VENDA RESTRITA,03/2029,GALAO PLASTICO,12 Meses,3222030 DESINCRUSTANTE ALCALINO,389 REG. SANEANTES - Alteração de Rotulagem de Produto,3024623/21-3,None
48,"RESOLUÇÃO-RE nº 255, de 27 de janeiro de 2022",DELAVAL LTDA,3.05569-4,DELLA-SUPER,5351.735731/2018-58,3.5569.0013.002-8,PRODUTO DE USO PROFISSIONAL OU DE VENDA RESTRITA,03/2029,BOMBONA PLASTICA OPACA,12 Meses,3222030 DESINCRUSTANTE ALCALINO,389 REG. SANEANTES - Alteração de Rotulagem de Produto,3024623/21-3,None
49,"RESOLUÇÃO-RE nº 255, de 27 de janeiro de 2022",ECO POWER PRODUTOS DE LIMPEZA EIRELI,3.10555-1,DESINFETANTE - BIG POWER,5351.020540/2022-74,3.0555.0001.001-7,PRODUTO DE VENDA LIVRE,02/2032,LAVANDA + BOMBONA PLASTICA + PRODUTO SOMENTE CONTEM EMBALAGEM PRIMARIA,24 Meses,3205061 DESINFETANTE PARA USO GERAL,30020 REG. SANEANTES - Registro de produtos saneantes,None,None
50,"RESOLUÇÃO-RE nº 255, de 27 de janeiro de 2022",ECO POWER PRODUTOS DE LIMPEZA EIRELI,3.10555-1,DESINFETANTE - BIG POWER,5351.020540/2022-74,3.0555.0001.002-5,PRODUTO DE VENDA LIVRE,02/2032,LAVANDA + FRASCO DE PLÁSTICO TRANSLÚCIDO + PRODUTO SOMENTE CONTEM EMBALAGEM PRIMARIA,24 Meses,3205061 DESINFETANTE PARA USO GERAL,30020 REG. SANEANTES - Registro de produtos saneantes,None,None
51,"RESOLUÇÃO-RE nº 255, de 27 de janeiro de 2022",ECO POWER PRODUTOS DE LIMPEZA EIRELI,3.10555-1,DESINFETANTE - BIG POWER,5351.020540/2022-74,3.0555.0001.003-3,PRODUTO DE VENDA LIVRE,02/2032,EUCALIPTO + BOMBONA PLÁSTICA TRANSLÚCIDA + PRODUTO SOMENTE CONTEM EMBALAGEM PRIMARIA,24 Meses,3205061 DESINFETANTE PARA USO GERAL,30020 REG. SANEANTES - Registro de produtos saneantes,None,None
52,"RESOLUÇÃO-RE nº 255, de 27 de janeiro de 2022",ECO POWER PRODUTOS DE LIMPEZA EIRELI,3.10555-1,DESINFETANTE - BIG POWER,5351.020540/2022-74,3.0555.0001.004-1,PRODUTO DE VENDA LIVRE,02/2032,EUCALIPTO + FRASCO DE PLÁSTICO TRANSLÚCIDO + PRODUTO SOMENTE CONTEM EMBALAGEM PRIMARIA,24 Meses,3205061 DESINFETANTE PARA USO GERAL,30020 REG. SANEANTES - Registro de produtos saneantes,None,None
53,"RESOLUÇÃO-RE nº 255, de 27 de janeiro de 2022",ECO POWER PRODUTOS DE LIMPEZA EIRELI,3.10555-1,DESINFETANTE - BIG POWER,5351.020540/2022-74,3.0555.0001.005-1,PRODUTO DE VENDA LIVRE,02/2032,MARINE + BOMBONA PLÁSTICA TRANSLÚCIDA + PRODUTO SOMENTE CONTEM EMBALAGEM PRIMARIA,24 Meses,3205061 DESINFETANTE PARA USO GERAL,30020 REG. SANEANTES - Registro de produtos saneantes,None,None
54,"RESOLUÇÃO-RE nº 255, de 27 de janeiro de 2022",ECO POWER PRODUTOS DE LIMPEZA EIRELI,3.10555-1,DESINFETANTE - BIG POWER,5351.020540/2022-74,3.0555.0001.006-8,PRODUTO DE VENDA LIVRE,02/2032,MARINE + FRASCO DE PLÁSTICO TRANSLÚCIDO + PRODUTO SOMENTE CONTEM EMBALAGEM PRIMARIA,24 Meses,3205061 DESINFETANTE PARA USO GERAL,30020 REG. SANEANTES - Registro de produtos saneantes,None,None
55,"RESOLUÇÃO-RE nº 255, de 27 de janeiro de 2022",ECO POWER PRODUTOS DE LIMPEZA EIRELI,3.10555-1,DESINFETANTE - BIG POWER,5351.020540/2022-74,3.0555.0001.007-6,PRODUTO DE VENDA LIVRE,02/2032,CITRONELA + BOMBONA PLÁSTICA TRANSLÚCIDA + PRODUTO SOMENTE CONTEM EMBALAGEM PRIMARIA,24 Meses,3205061 DESINFETANTE PARA USO GERAL,30020 REG. SANEANTES - Registro de produtos saneantes,None,None
56,"RESOLUÇÃO-RE nº 255, de 27 de janeiro de 2022",ECO POWER PRODUTOS DE LIMPEZA EIRELI,3.10555-1,DESINFETANTE - BIG POWER,5351.020540/2022-74,3.0555.0001.008-4,PRODUTO DE VENDA LIVRE,02/2032,CITRONELA + FRASCO DE PLÁSTICO TRANSLÚCIDO + PRODUTO SOMENTE CONTEM EMBALAGEM PRIMARIA,24 Meses,3205061 DESINFETANTE PARA USO GERAL,30020 REG. SANEANTES - Registro de produtos saneantes,None,None
57,"RESOLUÇÃO-RE nº 255, de 27 de janeiro de 2022",ECO POWER PRODUTOS DE LIMPEZA EIRELI,3.10555-1,DESINFETANTE - BIG POWER,5351.020540/2022-74,3.0555.0001.009-2,PRODUTO DE VENDA LIVRE,02/2032,FLORAL + BOMBONA PLÁSTICA TRANSLÚCIDA + PRODUTO SOMENTE CONTEM EMBALAGEM PRIMARIA,24 Meses,3205061 DESINFETANTE PARA USO GERAL,30020 REG. SANEANTES - Registro de produtos saneantes,None,None
58,"RESOLUÇÃO-RE nº 255, de 27 de janeiro de 2022",ECO POWER PRODUTOS DE LIMPEZA EIRELI,3.10555-1,DESINFETANTE - BIG POWER,5351.020540/2022-74,3.0555.0001.010-6,PRODUTO DE VENDA LIVRE,02/2032,FLORAL + FRASCO DE PLÁSTICO TRANSLÚCIDO + PRODUTO SOMENTE CONTEM EMBALAGEM PRIMARIA,24 Meses,3205061 DESINFETANTE PARA USO GERAL,30020 REG. SANEANTES - Registro de produtos saneantes,None,None
59,"RESOLUÇÃO-RE nº 255, de 27 de janeiro de 2022",ECO POWER PRODUTOS DE LIMPEZA EIRELI,3.10555-1,ÁGUA SANITÁRIA - BIG POWER,5351.020541/2022-19,3.0555.0002.001-2,PRODUTO DE VENDA LIVRE,02/2032,BOMBONA PLASTICA + PRODUTO SOMENTE CONTEM EMBALAGEM PRIMARIA,24 Meses,3103033 ÁGUA SANITÁRIA,30020 REG. SANEANTES - Registro de produtos saneantes,None,None
60,"RESOLUÇÃO-RE nº 255, de 27 de janeiro de 2022",ECO POWER PRODUTOS DE LIMPEZA EIRELI,3.10555-1,ÁGUA SANITÁRIA - BIG POWER,5351.020541/2022-19,3.0555.0002.002-0,PRODUTO DE VENDA LIVRE,02/2032,FRASCO DE PLÁSTICO TRANSLÚCIDO + PRODUTO SOMENTE CONTEM EMBALAGEM PRIMARIA,24 Meses,3103033 ÁGUA SANITÁRIA,30020 REG. SANEANTES - Registro de produtos saneantes,None,None
61,"RESOLUÇÃO-RE nº 255, de 27 de janeiro de 2022",gelmeza peças industriais eireli me,3.10961-2,ALKAMEZA,5351.014301/2022-85,3.0961.0001.001-7,PRODUTO DE USO PROFISSIONAL OU DE VENDA RESTRITA,02/2032,ÚNICA + BOMBONA PLASTICA OPACA + FILME PLASTICO,12 Meses,3222030 DESINCRUSTANTE ALCALINO,30020 REG. SANEANTES - Registro de produtos saneantes,None,None
62,"RESOLUÇÃO-RE nº 255, de 27 de janeiro de 2022",GENESIS INDUSTRIA E COMERCIO DE PRODUTOS QUIMICOS LTDA-ME,3.06203-5,Inter Plus - Gênesis,5351.194957/2021-91,3.6203.0003.001-1,PRODUTO DE VENDA LIVR,02/2032,Inter Plus Roxo - Gênesis + BOMBONA PLASTICA + CAIXA DE PAPELAO,24 Meses,3222029 DESINCRUSTANTE ÁCIDO,30020 REG. SANEANTES - Registro de produtos saneantes,None,None
63,"RESOLUÇÃO-RE nº 255, de 27 de janeiro de 2022",GENESIS INDUSTRIA E COMERCIO DE PRODUTOS QUIMICOS LTDA-ME,3.06203-5,Inter Plus - Gênesis,5351.194957/2021-91,3.6203.0003.002-8,PRODUTO DE VENDA LIVR,02/2032,Inter Plus Roxo - Gênesis + BOMBONA PLASTICA + PRODUTO SOMENTE CONTEM EMBALAGEM PRIMARIA,24 Meses,3222029 DESINCRUSTANTE ÁCIDO,30020 REG. SANEANTES - Registro de produtos saneantes,None,None
64,"RESOLUÇÃO-RE nº 255, de 27 de janeiro de 2022",GENESIS INDUSTRIA E COMERCIO DE PRODUTOS QUIMICOS LTDA-ME,3.06203-5,Inter Plus - Gênesis,5351.194957/2021-91,3.6203.0003.003-6,PRODUTO DE VENDA LIVR,02/2032,Inter Plus Incolor - Gênesis + BOMBONA PLASTICA + PRODUTO SOMENTE CONTEM EMBALAGEM PRIMARIA,24 Meses,3222029 DESINCRUSTANTE ÁCIDO,30020 REG. SANEANTES - Registro de produtos saneantes,None,None
65,"RESOLUÇÃO-RE nº 255, de 27 de janeiro de 2022",GENESIS INDUSTRIA E COMERCIO DE PRODUTOS QUIMICOS LTDA-ME,3.06203-5,Inter Plus - Gênesis,5351.194957/2021-91,3.6203.0003.004-4,PRODUTO DE VENDA LIVR,02/2032,Inter Plus Incolor - Gênesis + BOMBONA PLASTICA + CAIXA DE PAPELAO,24 Meses,3222029 DESINCRUSTANTE ÁCIDO,30020 REG. SANEANTES - Registro de produtos saneantes,None,None
66,"RESOLUÇÃO-RE nº 255, de 27 de janeiro de 2022",GENESIS INDUSTRIA E COMERCIO DE PRODUTOS QUIMICOS LTDA-ME,3.06203-5,Inter Plus - Gênesis,5351.194957/2021-91,3.6203.0003.005-2,PRODUTO DE VENDA LIVR,02/2032,Inter Plus Verde - Gênesis + BOMBONA PLASTICA + PRODUTO SOMENTE CONTEM EMBALAGEM PRIMARIA,24 Meses,3222029 DESINCRUSTANTE ÁCIDO,30020 REG. SANEANTES - Registro de produtos saneantes,None,None
67,"RESOLUÇÃO-RE nº 255, de 27 de janeiro de 2022",GENESIS INDUSTRIA E COMERCIO DE PRODUTOS QUIMICOS LTDA-ME,3.06203-5,Inter Plus - Gênesis,5351.194957/2021-91,3.6203.0003.006-0,PRODUTO DE VENDA LIVR,02/2032,Inter Plus Verde - Gênesis + BOMBONA PLASTICA + CAIXA DE PAPELAO,24 Meses,3222029 DESINCRUSTANTE ÁCIDO,30020 REG. SANEANTES - Registro de produtos saneantes,None,None
68,"RESOLUÇÃO-RE nº 255, de 27 de janeiro de 2022",GSL INDÚSTRIA E COMÉRCIO LTDA,3.09715-3,DESINFETANTE YLÁ,5351.020520/2022-01,3.9715.0002.001-1,PRODUTO DE VENDA LIVRE,02/2032,Eucalipto + FRASCO DE PLASTICO TRANSPARENTE + PRODUTO SOMENTE CONTEM EMBALAGEM PRIMARIA,24 Meses,3101010 DETERGENTE PARA USO GERAL,30020 REG. SANEANTES - Registro de produtos saneantes,None,None
69,"RESOLUÇÃO-RE nº 255, de 27 de janeiro de 2022",GSL INDÚSTRIA E COMÉRCIO LTDA,3.09715-3,DESINFETANTE YLÁ,5351.020520/2022-01,3.9715.0002.002-1,PRODUTO DE VENDA LIVRE,02/2032,Eucalipto + BOMBONA PLASTICA + PRODUTO SOMENTE CONTEM EMBALAGEM PRIMARIA,24 Meses,3101010 DETERGENTE PARA USO GERAL,30020 REG. SANEANTES - Registro de produtos saneantes,None,None
70,"RESOLUÇÃO-RE nº 255, de 27 de janeiro de 2022",GSL INDÚSTRIA E COMÉRCIO LTDA,3.09715-3,DESINFETANTE YLÁ,5351.020520/2022-01,3.9715.0002.003-8,PRODUTO DE VENDA LIVRE,02/2032,LAVANDA + FRASCO DE PLASTICO TRANSPARENTE + PRODUTO SOMENTE CONTEM EMBALAGEM PRIMARIA,24 Meses,3101010 DETERGENTE PARA USO GERAL,30020 REG. SANEANTES - Registro de produtos saneantes,None,None
71,"RESOLUÇÃO-RE nº 255, de 27 de janeiro de 2022",GSL INDÚSTRIA E COMÉRCIO LTDA,3.09715-3,DESINFETANTE YLÁ,5351.020520/2022-01,3.9715.0002.004-6,PRODUTO DE VENDA LIVRE,02/2032,LAVANDA + BOMBONA PLASTICA + PRODUTO SOMENTE CONTEM EMBALAGEM PRIMARIA,24 Meses,3101010 DETERGENTE PARA USO GERAL,30020 REG. SANEANTES - Registro de produtos saneantes,None,None
72,"RESOLUÇÃO-RE nº 255, de 27 de janeiro de 2022",GSL INDÚSTRIA E COMÉRCIO LTDA,3.09715-3,DESINFETANTE YLÁ,5351.020520/2022-01,3.9715.0002.005-4,PRODUTO DE VENDA LIVRE,02/2032,TROPICAL + FRASCO DE PLASTICO TRANSPARENTE + PRODUTO SOMENTE CONTEM EMBALAGEM PRIMARIA,24 Meses,3101010 DETERGENTE PARA USO GERAL,30020 REG. SANEANTES - Registro de produtos saneantes,None,None
73,"RESOLUÇÃO-RE nº 255, de 27 de janeiro de 2022",GSL INDÚSTRIA E COMÉRCIO LTDA,3.09715-3,DESINFETANTE YLÁ,5351.020520/2022-01,3.9715.0002.006-2,PRODUTO DE VENDA LIVRE,02/2032,TROPICAL + BOMBONA PLASTICA + PRODUTO SOMENTE CONTEM EMBALAGEM PRIMARIA,24 Meses,3101010 DETERGENTE PARA USO GERAL,30020 REG. SANEANTES - Registro de produtos saneantes,None,None
74,"RESOLUÇÃO-RE nº 255, de 27 de janeiro de 2022",GSL INDÚSTRIA E COMÉRCIO LTDA,3.09715-3,DESINFETANTE YLÁ,5351.020520/2022-01,3.9715.0002.007-0,PRODUTO DE VENDA LIVRE,02/2032,PINHO + FRASCO DE PLASTICO TRANSPARENTE + PRODUTO SOMENTE CONTEM EMBALAGEM PRIMARIA,24 Meses,3101010 DETERGENTE PARA USO GERAL,30020 REG. SANEANTES - Registro de produtos saneantes,None,None
75,"RESOLUÇÃO-RE nº 255, de 27 de janeiro de 2022",GSL INDÚSTRIA E COMÉRCIO LTDA,3.09715-3,DESINFETANTE YLÁ,5351.020520/2022-01,3.9715.0002.008-9,PRODUTO DE VENDA LIVRE,02/2032,PINHO + BOMBONA PLASTICA + PRODUTO SOMENTE CONTEM EMBALAGEM PRIMARIA,24 Meses,3101010 DETERGENTE PARA USO GERAL,30020 REG. SANEANTES - Registro de produtos saneantes,None,None
76,"RESOLUÇÃO-RE nº 255, de 27 de janeiro de 2022",HARLEI NEANDER KAPTEINAT - ME,3.03608-6,SODA CÁUSTICA EM ESCAMAS LIMZA,5351.587594/2020-53,3.3608.0007.001-0,PRODUTO DE VENDA LIVRE,02/2032,POTE DE PLASTICO + CAIXA DE PAPELAO,24 Meses,3222030 DESINCRUSTANTE ALCALINO,387 Registro de Produto de Risco 2 - Detergentes e Congêneres,None,None
77,"RESOLUÇÃO-RE nº 255, de 27 de janeiro de 2022",INDUSTRIA QUIMICA GAUCHA LTDA - ME,3.07616-9,MAGIC EDX,5351.014259/2022-01,3.7616.0008.001-6,PRODUTO DE VENDA LIVRE,02/2032,VERSÃO 1 + BALDE PLASTICO + PRODUTO SOMENTE CONTEM EMBALAGEM PRIMARIA,24 Meses,3205045 DESINFETANTE PARA PISCINAS,30020 REG. SANEANTES - Registro de produtos saneantes,None,None
78,"RESOLUÇÃO-RE nº 255, de 27 de janeiro de 2022",INDUSTRIA QUIMILAB DE PRODUTOS DE LIMPEZA LTDA ME,3.06631-3,VERONA PLUS,5351.016623/2022-69,3.6631.0035.001-4,PRODUTO DE VENDA LIVR,02/2032,VERONA PLUS LAVANDA PALMAS + BOMBONA PLASTICA + FILME DE POLIETILENO,24 Meses,3205061 DESINFETANTE PARA USO GERAL,30020 REG. SANEANTES - Registro de produtos saneantes,None,None
79,"RESOLUÇÃO-RE nº 255, de 27 de janeiro de 2022",INDUSTRIA QUIMILAB DE PRODUTOS DE LIMPEZA LTDA ME,3.06631-3,VERONA PLUS,5351.016623/2022-69,3.6631.0035.002-2,PRODUTO DE VENDA LIVR,02/2032,VERONA PLUS LAVANDA PALMAS + FRASCO DE PLASTICO TRANSPARENTE + FILME DE POLIETILENO,24 Meses,3205061 DESINFETANTE PARA USO GERAL,30020 REG. SANEANTES - Registro de produtos saneantes,None,None
80,"RESOLUÇÃO-RE nº 255, de 27 de janeiro de 2022",INDUSTRIA QUIMILAB DE PRODUTOS DE LIMPEZA LTDA ME,3.06631-3,VERONA PLUS,5351.016623/2022-69,3.6631.0035.003-0,PRODUTO DE VENDA LIVR,02/2032,VERONA PLUS LAVANDA PALMAS + BOMBONA PLASTICA + CAIXA DE PAPELAO,24 Meses,3205061 DESINFETANTE PARA USO GERAL,30020 REG. SANEANTES - Registro de produtos saneantes,None,None
81,"RESOLUÇÃO-RE nº 255, de 27 de janeiro de 2022",INDUSTRIA QUIMILAB DE PRODUTOS DE LIMPEZA LTDA ME,3.06631-3,VERONA PLUS,5351.016623/2022-69,3.6631.0035.004-9,PRODUTO DE VENDA LIVR,02/2032,VERONA PLUS LAVANDA PALMAS + FRASCO DE PLASTICO TRANSPARENTE + CAIXA DE PAPELAO,24 Meses,3205061 DESINFETANTE PARA USO GERAL,30020 REG. SANEANTES - Registro de produtos saneantes,None,None
82,"RESOLUÇÃO-RE nº 255, de 27 de janeiro de 2022",INDUSTRIA QUIMILAB DE PRODUTOS DE LIMPEZA LTDA ME,3.06631-3,VERONA PLUS,5351.016623/2022-69,3.6631.0035.005-7,PRODUTO DE VENDA LIVR,02/2032,VERONA PLUS FLORAL + BOMBONA PLASTICA + FILME DE POLIETILENO,24 Meses,3205061 DESINFETANTE PARA USO GERAL,30020 REG. SANEANTES - Registro de produtos saneantes,None,None
83,"RESOLUÇÃO-RE nº 255, de 27 de janeiro de 2022",INDUSTRIA QUIMILAB DE PRODUTOS DE LIMPEZA LTDA ME,3.06631-3,VERONA PLUS,5351.016623/2022-69,3.6631.0035.006-5,PRODUTO DE VENDA LIVR,02/2032,VERONA PLUS FLORAL + FRASCO DE PLASTICO TRANSPARENTE + FILME DE POLIETILENO,24 Meses,3205061 DESINFETANTE PARA USO GERAL,30020 REG. SANEANTES - Registro de produtos saneantes,None,None
84,"RESOLUÇÃO-RE nº 255, de 27 de janeiro de 2022",INDUSTRIA QUIMILAB DE PRODUTOS DE LIMPEZA LTDA ME,3.06631-3,VERONA PLUS,5351.016623/2022-69,3.6631.0035.007-3,PRODUTO DE VENDA LIVR,02/2032,VERONA PLUS FLORAL + BOMBONA PLASTICA + CAIXA DE PAPELAO,24 Meses,3205061 DESINFETANTE PARA USO GERAL,30020 REG. SANEANTES - Registro de produtos saneantes,None,None
85,"RESOLUÇÃO-RE nº 255, de 27 de janeiro de 2022",INDUSTRIA QUIMILAB DE PRODUTOS DE LIMPEZA LTDA ME,3.06631-3,VERONA PLUS,5351.016623/2022-69,3.6631.0035.008-1,PRODUTO DE VENDA LIVR,02/2032,VERONA PLUS FLORAL + FRASCO DE PLASTICO TRANSPARENTE + CAIXA DE PAPELAO,24 Meses,3205061 DESINFETANTE PARA USO GERAL,30020 REG. SANEANTES - Registro de produtos saneantes,None,None
86,"RESOLUÇÃO-RE nº 255, de 27 de janeiro de 2022",INDUSTRIA QUIMILAB DE PRODUTOS DE LIMPEZA LTDA ME,3.06631-3,VERONA PLUS,5351.016623/2022-69,3.6631.0035.009-1,PRODUTO DE VENDA LIVR,02/2032,VERONA PLUS CITRUS + BOMBONA PLASTICA + FILME DE POLIETILENO,24 Meses,3205061 DESINFETANTE PARA USO GERAL,30020 REG. SANEANTES - Registro de produtos saneantes,None,None
87,"RESOLUÇÃO-RE nº 255, de 27 de janeiro de 2022",INDUSTRIA QUIMILAB DE PRODUTOS DE LIMPEZA LTDA ME,3.06631-3,VERONA PLUS,5351.016623/2022-69,3.6631.0035.010-3,PRODUTO DE VENDA LIVR,02/2032,VERONA PLUS CITRUS + FRASCO DE PLASTICO TRANSPARENTE + FILME DE POLIETILENO,24 Meses,3205061 DESINFETANTE PARA USO GERAL,30020 REG. SANEANTES - Registro de produtos saneantes,None,None
88,"RESOLUÇÃO-RE nº 255, de 27 de janeiro de 2022",INDUSTRIA QUIMILAB DE PRODUTOS DE LIMPEZA LTDA ME,3.06631-3,VERONA PLUS,5351.016623/2022-69,3.6631.0035.011-1,PRODUTO DE VENDA LIVR,02/2032,VERONA PLUS CITRUS + BOMBONA PLASTICA + CAIXA DE PAPELAO,24 Meses,3205061 DESINFETANTE PARA USO GERAL,30020 REG. SANEANTES - Registro de produtos saneantes,None,None
89,"RESOLUÇÃO-RE nº 255, de 27 de janeiro de 2022",INDUSTRIA QUIMILAB DE PRODUTOS DE LIMPEZA LTDA ME,3.06631-3,VERONA PLUS,5351.016623/2022-69,3.6631.0035.012-1,PRODUTO DE VENDA LIVR,02/2032,VERONA PLUS CITRUS + FRASCO DE PLASTICO TRANSPARENTE + CAIXA DE PAPELAO,24 Meses,3205061 DESINFETANTE PARA USO GERAL,30020 REG. SANEANTES - Registro de produtos saneantes,None,None
90,"RESOLUÇÃO-RE nº 255, de 27 de janeiro de 2022",INDUSTRIA QUIMILAB DE PRODUTOS DE LIMPEZA LTDA ME,3.06631-3,VERONA PLUS,5351.016623/2022-69,3.6631.0035.013-8,PRODUTO DE VENDA LIVR,02/2032,VERONA PLUS TALCO + BOMBONA PLASTICA + FILME DE POLIETILENO,24 Meses,3205061 DESINFETANTE PARA USO GERAL,30020 REG. SANEANTES - Registro de produtos saneantes,None,None
91,"RESOLUÇÃO-RE nº 255, de 27 de janeiro de 2022",INDUSTRIA QUIMILAB DE PRODUTOS DE LIMPEZA LTDA ME,3.06631-3,VERONA PLUS,5351.016623/2022-69,3.6631.0035.014-6,PRODUTO DE VENDA LIVR,02/2032,VERONA PLUS TALCO + FRASCO DE PLASTICO TRANSPARENTE + FILME DE POLIETILENO,24 Meses,3205061 DESINFETANTE PARA USO GERAL,30020 REG. SANEANTES - Registro de produtos saneantes,None,None
92,"RESOLUÇÃO-RE nº 255, de 27 de janeiro de 2022",INDUSTRIA QUIMILAB DE PRODUTOS DE LIMPEZA LTDA ME,3.06631-3,VERONA PLUS,5351.016623/2022-69,3.6631.0035.015-4,PRODUTO DE VENDA LIVR,02/2032,VERONA PLUS TALCO + BOMBONA PLASTICA + CAIXA DE PAPELAO,24 Meses,3205061 DESINFETANTE PARA USO GERAL,30020 REG. SANEANTES - Registro de produtos saneantes,None,None
93,"RESOLUÇÃO-RE nº 255, de 27 de janeiro de 2022",INDUSTRIA QUIMILAB DE PRODUTOS DE LIMPEZA LTDA ME,3.06631-3,VERONA PLUS,5351.016623/2022-69,3.6631.0035.016-2,PRODUTO DE VENDA LIVR,02/2032,VERONA PLUS TALCO + FRASCO DE PLASTICO TRANSPARENTE + CAIXA DE PAPELAO,24 Meses,3205061 DESINFETANTE PARA USO GERAL,30020 REG. SANEANTES - Registro de produtos saneantes,None,None
94,"RESOLUÇÃO-RE nº 255, de 27 de janeiro de 2022",INDUSTRIA QUIMILAB DE PRODUTOS DE LIMPEZA LTDA ME,3.06631-3,VERONA PLUS,5351.016623/2022-69,3.6631.0035.017-0,PRODUTO DE VENDA LIVR,02/2032,VERONA PLUS LAVANDA SILVESTRE + BOMBONA PLASTICA + FILME DE POLIETILENO,24 Meses,3205061 DESINFETANTE PARA USO GERAL,30020 REG. SANEANTES - Registro de produtos saneantes,None,None
95,"RESOLUÇÃO-RE nº 255, de 27 de janeiro de 2022",INDUSTRIA QUIMILAB DE PRODUTOS DE LIMPEZA LTDA ME,3.06631-3,VERONA PLUS,5351.016623/2022-69,3.6631.0035.018-9,PRODUTO DE VENDA LIVR,02/2032,VERONA PLUS LAVANDA SILVESTRE + FRASCO DE PLASTICO TRANSPARENTE + FILME DE POLIETILENO,24 Meses,3205061 DESINFETANTE PARA USO GERAL,30020 REG. SANEANTES - Registro de produtos saneantes,None,None
96,"RESOLUÇÃO-RE nº 255, de 27 de janeiro de 2022",INDUSTRIA QUIMILAB DE PRODUTOS DE LIMPEZA LTDA ME,3.06631-3,VERONA PLUS,5351.016623/2022-69,3.6631.0035.019-7,PRODUTO DE VENDA LIVR,02/2032,VERONA PLUS LAVANDA SILVESTRE + BOMBONA PLASTICA + CAIXA DE PAPELAO,24 Meses,3205061 DESINFETANTE PARA USO GERAL,30020 REG. SANEANTES - Registro de produtos saneantes,None,None
97,"RESOLUÇÃO-RE nº 255, de 27 de janeiro de 2022",INDUSTRIA QUIMILAB DE PRODUTOS DE LIMPEZA LTDA ME,3.06631-3,VERONA PLUS,5351.016623/2022-69,3.6631.0035.020-0,PRODUTO DE VENDA LIVR,02/2032,VERONA PLUS LAVANDA SILVESTRE + FRASCO DE PLASTICO TRANSPARENTE + CAIXA DE PAPELAO,24 Meses,3205061 DESINFETANTE PARA USO GERAL,30020 REG. SANEANTES - Registro de produtos saneantes,None,None
98,"RESOLUÇÃO-RE nº 255, de 27 de janeiro de 2022",INDUSTRIA QUIMILAB DE PRODUTOS DE LIMPEZA LTDA ME,3.06631-3,VERONA PLUS,5351.016623/2022-69,3.6631.0035.021-9,PRODUTO DE VENDA LIVR,02/2032,VERONA PLUS EUCALIPTO + BOMBONA PLASTICA + FILME DE POLIETILENO,24 Meses,3205061 DESINFETANTE PARA USO GERAL,30020 REG. SANEANTES - Registro de produtos saneantes,None,None
99,"RESOLUÇÃO-RE nº 255, de 27 de janeiro de 2022",INDUSTRIA QUIMILAB DE PRODUTOS DE LIMPEZA LTDA ME,3.06631-3,VERONA PLUS,5351.016623/2022-69,3.6631.0035.022-7,PRODUTO DE VENDA LIVR,02/2032,VERONA PLUS EUCALIPTO + FRASCO DE PLASTICO TRANSPARENTE + FILME DE POLIETILENO,24 Meses,3205061 DESINFETANTE PARA USO GERAL,30020 REG. SANEANTES - Registro de produtos saneantes,None,None
100,"RESOLUÇÃO-RE nº 255, de 27 de janeiro de 2022",INDUSTRIA QUIMILAB DE PRODUTOS DE LIMPEZA LTDA ME,3.06631-3,VERONA PLUS,5351.016623/2022-69,3.6631.0035.023-5,PRODUTO DE VENDA LIVR,02/2032,VERONA PLUS EUCALIPTO + BOMBONA PLASTICA + CAIXA DE PAPELAO,24 Meses,3205061 DESINFETANTE PARA USO GERAL,30020 REG. SANEANTES - Registro de produtos saneantes,None,None
101,"RESOLUÇÃO-RE nº 255, de 27 de janeiro de 2022",INDUSTRIA QUIMILAB DE PRODUTOS DE LIMPEZA LTDA ME,3.06631-3,VERONA PLUS,5351.016623/2022-69,3.6631.0035.024-3,PRODUTO DE VENDA LIVR,02/2032,VERONA PLUS EUCALIPTO + FRASCO DE PLASTICO TRANSPARENTE + CAIXA DE PAPELAO,24 Meses,3205061 DESINFETANTE PARA USO GERAL,30020 REG. SANEANTES - Registro de produtos saneantes,None,None
102,"RESOLUÇÃO-RE nº 255, de 27 de janeiro de 2022",INDUSTRIA QUIMILAB DE PRODUTOS DE LIMPEZA LTDA ME,3.06631-3,VERONA PLUS,5351.016623/2022-69,3.6631.0035.025-1,PRODUTO DE VENDA LIVR,02/2032,VERONA PLUS LAVANDA MUSK + BOMBONA PLASTICA + FILME DE POLIETILENO,24 Meses,3205061 DESINFETANTE PARA USO GERAL,30020 REG. SANEANTES - Registro de produtos saneantes,None,None
103,"RESOLUÇÃO-RE nº 255, de 27 de janeiro de 2022",INDUSTRIA QUIMILAB DE PRODUTOS DE LIMPEZA LTDA ME,3.06631-3,VERONA PLUS,5351.016623/2022-69,3.6631.0035.026-1,PRODUTO DE VENDA LIVR,02/2032,VERONA PLUS LAVANDA MUSK + FRASCO DE PLASTICO TRANSPARENTE + FILME DE POLIETILENO,24 Meses,3205061 DESINFETANTE PARA USO GERAL,30020 REG. SANEANTES - Registro de produtos saneantes,None,None
104,"RESOLUÇÃO-RE nº 255, de 27 de janeiro de 2022",INDUSTRIA QUIMILAB DE PRODUTOS DE LIMPEZA LTDA ME,3.06631-3,VERONA PLUS,5351.016623/2022-69,3.6631.0035.027-8,PRODUTO DE VENDA LIVR,02/2032,VERONA PLUS LAVANDA MUSK + BOMBONA PLASTICA + CAIXA DE PAPELAO,24 Meses,3205061 DESINFETANTE PARA USO GERAL,30020 REG. SANEANTES - Registro de produtos saneantes,None,None
105,"RESOLUÇÃO-RE nº 255, de 27 de janeiro de 2022",INDUSTRIA QUIMILAB DE PRODUTOS DE LIMPEZA LTDA ME,3.06631-3,VERONA PLUS,5351.016623/2022-69,3.6631.0035.028-6,PRODUTO DE VENDA LIVR,02/2032,VERONA PLUS LAVANDA MUSK + FRASCO DE PLASTICO TRANSPARENTE + CAIXA DE PAPELAO,24 Meses,3205061 DESINFETANTE PARA USO GERAL,30020 REG. SANEANTES - Registro de produtos saneantes,None,None
106,"RESOLUÇÃO-RE nº 255, de 27 de janeiro de 2022",INDUSTRIA QUIMILAB DE PRODUTOS DE LIMPEZA LTDA ME,3.06631-3,VERONA PLUS,5351.016623/2022-69,3.6631.0035.029-4,PRODUTO DE VENDA LIVR,02/2032,VERONA PLUS PACIFIC + BOMBONA PLASTICA + FILME DE POLIETILENO,24 Meses,3205061 DESINFETANTE PARA USO GERAL,30020 REG. SANEANTES - Registro de produtos saneantes,None,None
107,"RESOLUÇÃO-RE nº 255, de 27 de janeiro de 2022",INDUSTRIA QUIMILAB DE PRODUTOS DE LIMPEZA LTDA ME,3.06631-3,VERONA PLUS,5351.016623/2022-69,3.6631.0035.030-8,PRODUTO DE VENDA LIVR,02/2032,VERONA PLUS PACIFIC + FRASCO DE PLASTICO TRANSPARENTE + FILME DE POLIETILENO,24 Meses,3205061 DESINFETANTE PARA USO GERAL,30020 REG. SANEANTES - Registro de produtos saneantes,None,None
108,"RESOLUÇÃO-RE nº 255, de 27 de janeiro de 2022",INDUSTRIA QUIMILAB DE PRODUTOS DE LIMPEZA LTDA ME,3.06631-3,VERONA PLUS,5351.016623/2022-69,3.6631.0035.031-6,PRODUTO DE VENDA LIVR,02/2032,VERONA PLUS PACIFIC + BOMBONA PLASTICA + CAIXA DE PAPELAO,24 Meses,3205061 DESINFETANTE PARA USO GERAL,30020 REG. SANEANTES - Registro de produtos saneantes,None,None
109,"RESOLUÇÃO-RE nº 255, de 27 de janeiro de 2022",INDUSTRIA QUIMILAB DE PRODUTOS DE LIMPEZA LTDA ME,3.06631-3,VERONA PLUS,5351.016623/2022-69,3.6631.0035.032-4,PRODUTO DE VENDA LIVR,02/2032,VERONA PLUS PACIFIC + FRASCO DE PLASTICO TRANSPARENTE + CAIXA DE PAPELAO,24 Meses,3205061 DESINFETANTE PARA USO GERAL,30020 REG. SANEANTES - Registro de produtos saneantes,None,None
110,"RESOLUÇÃO-RE nº 255, de 27 de janeiro de 2022",INDUSTRIA QUIMILAB DE PRODUTOS DE LIMPEZA LTDA ME,3.06631-3,VERONA PLUS,5351.016623/2022-69,3.6631.0035.033-2,PRODUTO DE VENDA LIVR,02/2032,VERONA PLUS PALMOLIVER + BOMBONA PLASTICA + FILME DE POLIETILENO,24 Meses,3205061 DESINFETANTE PARA USO GERAL,30020 REG. SANEANTES - Registro de produtos saneantes,None,None
111,"RESOLUÇÃO-RE nº 255, de 27 de janeiro de 2022",INDUSTRIA QUIMILAB DE PRODUTOS DE LIMPEZA LTDA ME,3.06631-3,VERONA PLUS,5351.016623/2022-69,3.6631.0035.034-0,PRODUTO DE VENDA LIVR,02/2032,VERONA PLUS PALMOLIVER + FRASCO DE PLASTICO TRANSPARENTE + FILME DE POLIETILENO,24 Meses,3205061 DESINFETANTE PARA USO GERAL,30020 REG. SANEANTES - Registro de produtos saneantes,None,None
112,"RESOLUÇÃO-RE nº 255, de 27 de janeiro de 2022",INDUSTRIA QUIMILAB DE PRODUTOS DE LIMPEZA LTDA ME,3.06631-3,VERONA PLUS,5351.016623/2022-69,3.6631.0035.035-9,PRODUTO DE VENDA LIVR,02/2032,VERONA PLUS PALMOLIVER + BOMBONA PLASTICA + CAIXA DE PAPELAO,24 Meses,3205061 DESINFETANTE PARA USO GERAL,30020 REG. SANEANTES - Registro de produtos saneantes,None,None
113,"RESOLUÇÃO-RE nº 255, de 27 de janeiro de 2022",INDUSTRIA QUIMILAB DE PRODUTOS DE LIMPEZA LTDA ME,3.06631-3,VERONA PLUS,5351.016623/2022-69,3.6631.0035.036-7,PRODUTO DE VENDA LIVR,02/2032,VERONA PLUS PALMOLIVER + FRASCO DE PLASTICO TRANSPARENTE + CAIXA DE PAPELAO,24 Meses,3205061 DESINFETANTE PARA USO GERAL,30020 REG. SANEANTES - Registro de produtos saneantes,None,None
114,"RESOLUÇÃO-RE nº 255, de 27 de janeiro de 2022",INDUSTRIA QUIMILAB DE PRODUTOS DE LIMPEZA LTDA ME,3.06631-3,VERONA PLUS,5351.016623/2022-69,3.6631.0035.037-5,PRODUTO DE VENDA LIVR,02/2032,VERONA PLUS PINHO + BOMBONA PLASTICA + FILME DE POLIETILENO,24 Meses,3205061 DESINFETANTE PARA USO GERAL,30020 REG. SANEANTES - Registro de produtos saneantes,None,None
115,"RESOLUÇÃO-RE nº 255, de 27 de janeiro de 2022",INDUSTRIA QUIMILAB DE PRODUTOS DE LIMPEZA LTDA ME,3.06631-3,VERONA PLUS,5351.016623/2022-69,3.6631.0035.038-3,PRODUTO DE VENDA LIVR,02/2032,VERONA PLUS PINHO + FRASCO DE PLASTICO TRANSPARENTE + FILME DE POLIETILENO,24 Meses,3205061 DESINFETANTE PARA USO GERAL,30020 REG. SANEANTES - Registro de produtos saneantes,None,None
116,"RESOLUÇÃO-RE nº 255, de 27 de janeiro de 2022",INDUSTRIA QUIMILAB DE PRODUTOS DE LIMPEZA LTDA ME,3.06631-3,VERONA PLUS,5351.016623/2022-69,3.6631.0035.039-1,PRODUTO DE VENDA LIVR,02/2032,VERONA PLUS PINHO + BOMBONA PLASTICA + CAIXA DE PAPELAO,24 Meses,3205061 DESINFETANTE PARA USO GERAL,30020 REG. SANEANTES - Registro de produtos saneantes,None,None
117,"RESOLUÇÃO-RE nº 255, de 27 de janeiro de 2022",INDUSTRIA QUIMILAB DE PRODUTOS DE LIMPEZA LTDA ME,3.06631-3,VERONA PLUS,5351.016623/2022-69,3.6631.0035.040-5,PRODUTO DE VENDA LIVR,02/2032,VERONA PLUS PINHO + FRASCO DE PLASTICO TRANSPARENTE + CAIXA DE PAPELAO,24 Meses,3205061 DESINFETANTE PARA USO GERAL,30020 REG. SANEANTES - Registro de produtos saneantes,None,None
118,"RESOLUÇÃO-RE nº 255, de 27 de janeiro de 2022",INDUSTRIA QUIMILAB DE PRODUTOS DE LIMPEZA LTDA ME,3.06631-3,VERONA PLUS,5351.016623/2022-69,3.6631.0035.041-3,PRODUTO DE VENDA LIVR,02/2032,VERONA PLUS SPLEND + BOMBONA PLASTICA + FILME DE POLIETILENO,24 Meses,3205061 DESINFETANTE PARA USO GERAL,30020 REG. SANEANTES - Registro de produtos saneantes,None,None
119,"RESOLUÇÃO-RE nº 255, de 27 de janeiro de 2022",INDUSTRIA QUIMILAB DE PRODUTOS DE LIMPEZA LTDA ME,3.06631-3,VERONA PLUS,5351.016623/2022-69,3.6631.0035.042-1,PRODUTO DE VENDA LIVR,02/2032,VERONA PLUS SPLEND + FRASCO DE PLASTICO TRANSPARENTE + FILME DE POLIETILENO,24 Meses,3205061 DESINFETANTE PARA USO GERAL,30020 REG. SANEANTES - Registro de produtos saneantes,None,None
120,"RESOLUÇÃO-RE nº 255, de 27 de janeiro de 2022",INDUSTRIA QUIMILAB DE PRODUTOS DE LIMPEZA LTDA ME,3.06631-3,VERONA PLUS,5351.016623/2022-69,3.6631.0035.043-1,PRODUTO DE VENDA LIVR,02/2032,VERONA PLUS SPLEND + BOMBONA PLASTICA + CAIXA DE PAPELAO,24 Meses,3205061 DESINFETANTE PARA USO GERAL,30020 REG. SANEANTES - Registro de produtos saneantes,None,None
121,"RESOLUÇÃO-RE nº 255, de 27 de janeiro de 2022",INDUSTRIA QUIMILAB DE PRODUTOS DE LIMPEZA LTDA ME,3.06631-3,VERONA PLUS,5351.016623/2022-69,3.6631.0035.044-8,PRODUTO DE VENDA LIVR,02/2032,VERONA PLUS SPLEND + FRASCO DE PLASTICO TRANSPARENTE + CAIXA DE PAPELAO,24 Meses,3205061 DESINFETANTE PARA USO GERAL,30020 REG. SANEANTES - Registro de produtos saneantes,None,None
122,"RESOLUÇÃO-RE nº 255, de 27 de janeiro de 2022",INDUSTRIA QUIMILAB DE PRODUTOS DE LIMPEZA LTDA ME,3.06631-3,VERONA PLUS,5351.016623/2022-69,3.6631.0035.045-6,PRODUTO DE VENDA LIVR,02/2032,VERONA PLUS CAMPESTRE + BOMBONA PLASTICA + FILME DE POLIETILENO,24 Meses,3205061 DESINFETANTE PARA USO GERAL,30020 REG. SANEANTES - Registro de produtos saneantes,None,None
123,"RESOLUÇÃO-RE nº 255, de 27 de janeiro de 2022",INDUSTRIA QUIMILAB DE PRODUTOS DE LIMPEZA LTDA ME,3.06631-3,VERONA PLUS,5351.016623/2022-69,3.6631.0035.046-4,PRODUTO DE VENDA LIVR,02/2032,VERONA PLUS CAMPESTRE + FRASCO DE PLASTICO TRANSPARENTE + FILME DE POLIETILENO,24 Meses,3205061 DESINFETANTE PARA USO GERAL,30020 REG. SANEANTES - Registro de produtos saneantes,None,None
124,"RESOLUÇÃO-RE nº 255, de 27 de janeiro de 2022",INDUSTRIA QUIMILAB DE PRODUTOS DE LIMPEZA LTDA ME,3.06631-3,VERONA PLUS,5351.016623/2022-69,3.6631.0035.047-2,PRODUTO DE VENDA LIVR,02/2032,VERONA PLUS CAMPESTRE + BOMBONA PLASTICA + CAIXA DE PAPELAO,24 Meses,3205061 DESINFETANTE PARA USO GERAL,30020 REG. SANEANTES - Registro de produtos saneantes,None,None
125,"RESOLUÇÃO-RE nº 255, de 27 de janeiro de 2022",INDUSTRIA QUIMILAB DE PRODUTOS DE LIMPEZA LTDA ME,3.06631-3,VERONA PLUS,5351.016623/2022-69,3.6631.0035.048-0,PRODUTO DE VENDA LIVR,02/2032,VERONA PLUS CAMPESTRE + FRASCO DE PLASTICO TRANSPARENTE + CAIXA DE PAPELAO,24 Meses,3205061 DESINFETANTE PARA USO GERAL,30020 REG. SANEANTES - Registro de produtos saneantes,None,None
126,"RESOLUÇÃO-RE nº 255, de 27 de janeiro de 2022",INDUSTRIA QUIMILAB DE PRODUTOS DE LIMPEZA LTDA ME,3.06631-3,VERONA PLUS,5351.016623/2022-69,3.6631.0035.049-9,PRODUTO DE VENDA LIVR,02/2032,VERONA PLUS ERVA-DOCE + BOMBONA PLASTICA + FILME DE POLIETILENO,24 Meses,3205061 DESINFETANTE PARA USO GERAL,30020 REG. SANEANTES - Registro de produtos saneantes,None,None
127,"RESOLUÇÃO-RE nº 255, de 27 de janeiro de 2022",INDUSTRIA QUIMILAB DE PRODUTOS DE LIMPEZA LTDA ME,3.06631-3,VERONA PLUS,5351.016623/2022-69,3.6631.0035.050-2,PRODUTO DE VENDA LIVR,02/2032,VERONA PLUS ERVA-DOCE + FRASCO DE PLASTICO TRANSPARENTE + FILME DE POLIETILENO,24 Meses,3205061 DESINFETANTE PARA USO GERAL,30020 REG. SANEANTES - Registro de produtos saneantes,None,None
128,"RESOLUÇÃO-RE nº 255, de 27 de janeiro de 2022",INDUSTRIA QUIMILAB DE PRODUTOS DE LIMPEZA LTDA ME,3.06631-3,VERONA PLUS,5351.016623/2022-69,3.6631.0035.051-0,PRODUTO DE VENDA LIVR,02/2032,VERONA PLUS ERVA-DOCE + BOMBONA PLASTICA + CAIXA DE PAPELAO,24 Meses,3205061 DESINFETANTE PARA USO GERAL,30020 REG. SANEANTES - Registro de produtos saneantes,None,None
129,"RESOLUÇÃO-RE nº 255, de 27 de janeiro de 2022",INDUSTRIA QUIMILAB DE PRODUTOS DE LIMPEZA LTDA ME,3.06631-3,VERONA PLUS,5351.016623/2022-69,3.6631.0035.052-9,PRODUTO DE VENDA LIVR,02/2032,VERONA PLUS ERVA-DOCE + FRASCO DE PLASTICO TRANSPARENTE + CAIXA DE PAPELAO,24 Meses,3205061 DESINFETANTE PARA USO GERAL,30020 REG. SANEANTES - Registro de produtos saneantes,None,None
130,"RESOLUÇÃO-RE nº 255, de 27 de janeiro de 2022",INDUSTRIA QUIMILAB DE PRODUTOS DE LIMPEZA LTDA ME,3.06631-3,VERONA PLUS,5351.016623/2022-69,3.6631.0035.053-7,PRODUTO DE VENDA LIVR,02/2032,VERONA PLUS NEUTER + BOMBONA PLASTICA + FILME DE POLIETILENO,24 Meses,3205061 DESINFETANTE PARA USO GERAL,30020 REG. SANEANTES - Registro de produtos saneantes,None,None
131,"RESOLUÇÃO-RE nº 255, de 27 de janeiro de 2022",INDUSTRIA QUIMILAB DE PRODUTOS DE LIMPEZA LTDA ME,3.06631-3,VERONA PLUS,5351.016623/2022-69,3.6631.0035.054-5,PRODUTO DE VENDA LIVR,02/2032,VERONA PLUS NEUTER + FRASCO DE PLASTICO TRANSPARENTE + FILME DE POLIETILENO,24 Meses,3205061 DESINFETANTE PARA USO GERAL,30020 REG. SANEANTES - Registro de produtos saneantes,None,None
132,"RESOLUÇÃO-RE nº 255, de 27 de janeiro de 2022",INDUSTRIA QUIMILAB DE PRODUTOS DE LIMPEZA LTDA ME,3.06631-3,VERONA PLUS,5351.016623/2022-69,3.6631.0035.055-3,PRODUTO DE VENDA LIVR,02/2032,VERONA PLUS NEUTER + BOMBONA PLASTICA + CAIXA DE PAPELAO,24 Meses,3205061 DESINFETANTE PARA USO GERAL,30020 REG. SANEANTES - Registro de produtos saneantes,None,None
133,"RESOLUÇÃO-RE nº 255, de 27 de janeiro de 2022",INDUSTRIA QUIMILAB DE PRODUTOS DE LIMPEZA LTDA ME,3.06631-3,VERONA PLUS,5351.016623/2022-69,3.6631.0035.056-1,PRODUTO DE VENDA LIVR,02/2032,VERONA PLUS NEUTER + FRASCO DE PLASTICO TRANSPARENTE + CAIXA DE PAPELAO,24 Meses,3205061 DESINFETANTE PARA USO GERAL,30020 REG. SANEANTES - Registro de produtos saneantes,None,None
134,"RESOLUÇÃO-RE nº 255, de 27 de janeiro de 2022",INDUSTRIA QUIMILAB DE PRODUTOS DE LIMPEZA LTDA ME,3.06631-3,VERONA PLUS,5351.016623/2022-69,3.6631.0035.057-1,PRODUTO DE VENDA LIVR,02/2032,VERONA PLUS MARINE + BOMBONA PLASTICA + FILME DE POLIETILENO,24 Meses,3205061 DESINFETANTE PARA USO GERAL,30020 REG. SANEANTES - Registro de produtos saneantes,None,None
135,"RESOLUÇÃO-RE nº 255, de 27 de janeiro de 2022",INDUSTRIA QUIMILAB DE PRODUTOS DE LIMPEZA LTDA ME,3.06631-3,VERONA PLUS,5351.016623/2022-69,3.6631.0035.058-8,PRODUTO DE VENDA LIVR,02/2032,VERONA PLUS MARINE + FRASCO DE PLASTICO TRANSPARENTE + FILME DE POLIETILENO,24 Meses,3205061 DESINFETANTE PARA USO GERAL,30020 REG. SANEANTES - Registro de produtos saneantes,None,None
136,"RESOLUÇÃO-RE nº 255, de 27 de janeiro de 2022",INDUSTRIA QUIMILAB DE PRODUTOS DE LIMPEZA LTDA ME,3.06631-3,VERONA PLUS,5351.016623/2022-69,3.6631.0035.059-6,PRODUTO DE VENDA LIVR,02/2032,VERONA PLUS MARINE + BOMBONA PLASTICA + CAIXA DE PAPELAO,24 Meses,3205061 DESINFETANTE PARA USO GERAL,30020 REG. SANEANTES - Registro de produtos saneantes,None,None
137,"RESOLUÇÃO-RE nº 255, de 27 de janeiro de 2022",INDUSTRIA QUIMILAB DE PRODUTOS DE LIMPEZA LTDA ME,3.06631-3,VERONA PLUS,5351.016623/2022-69,3.6631.0035.060-1,PRODUTO DE VENDA LIVR,02/2032,VERONA PLUS MARINE + FRASCO DE PLASTICO TRANSPARENTE + CAIXA DE PAPELAO,24 Meses,3205061 DESINFETANTE PARA USO GERAL,30020 REG. SANEANTES - Registro de produtos saneantes,None,None
138,"RESOLUÇÃO-RE nº 255, de 27 de janeiro de 2022",INDUSTRIA QUIMILAB DE PRODUTOS DE LIMPEZA LTDA ME,3.06631-3,VERONA PLUS,5351.016623/2022-69,3.6631.0035.061-8,PRODUTO DE VENDA LIVR,02/2032,VERONA PLUS AMAZON + BOMBONA PLASTICA + FILME DE POLIETILENO,24 Meses,3205061 DESINFETANTE PARA USO GERAL,30020 REG. SANEANTES - Registro de produtos saneantes,None,None
139,"RESOLUÇÃO-RE nº 255, de 27 de janeiro de 2022",INDUSTRIA QUIMILAB DE PRODUTOS DE LIMPEZA LTDA ME,3.06631-3,VERONA PLUS,5351.016623/2022-69,3.6631.0035.062-6,PRODUTO DE VENDA LIVR,02/2032,VERONA PLUS AMAZON + FRASCO DE PLASTICO TRANSPARENTE + FILME DE POLIETILENO,24 Meses,3205061 DESINFETANTE PARA USO GERAL,30020 REG. SANEANTES - Registro de produtos saneantes,None,None
140,"RESOLUÇÃO-RE nº 255, de 27 de janeiro de 2022",INDUSTRIA QUIMILAB DE PRODUTOS DE LIMPEZA LTDA ME,3.06631-3,VERONA PLUS,5351.016623/2022-69,3.6631.0035.063-4,PRODUTO DE VENDA LIVR,02/2032,VERONA PLUS AMAZON + BOMBONA PLASTICA + CAIXA DE PAPELAO,24 Meses,3205061 DESINFETANTE PARA USO GERAL,30020 REG. SANEANTES - Registro de produtos saneantes,None,None
141,"RESOLUÇÃO-RE nº 255, de 27 de janeiro de 2022",INDUSTRIA QUIMILAB DE PRODUTOS DE LIMPEZA LTDA ME,3.06631-3,VERONA PLUS,5351.016623/2022-69,3.6631.0035.064-2,PRODUTO DE VENDA LIVR,02/2032,VERONA PLUS AMAZON + FRASCO DE PLASTICO TRANSPARENTE + CAIXA DE PAPELAO,24 Meses,3205061 DESINFETANTE PARA USO GERAL,30020 REG. SANEANTES - Registro de produtos saneantes,None,None
142,"RESOLUÇÃO-RE nº 255, de 27 de janeiro de 2022",INDUSTRIA QUIMILAB DE PRODUTOS DE LIMPEZA LTDA ME,3.06631-3,VERONA PLUS,5351.016623/2022-69,3.6631.0035.065-0,PRODUTO DE VENDA LIVR,02/2032,VERONA PLUS LAVANDER + BOMBONA PLASTICA + FILME DE POLIETILENO,24 Meses,3205061 DESINFETANTE PARA USO GERAL,30020 REG. SANEANTES - Registro de produtos saneantes,None,None
143,"RESOLUÇÃO-RE nº 255, de 27 de janeiro de 2022",INDUSTRIA QUIMILAB DE PRODUTOS DE LIMPEZA LTDA ME,3.06631-3,VERONA PLUS,5351.016623/2022-69,3.6631.0035.066-9,PRODUTO DE VENDA LIVR,02/2032,VERONA PLUS LAVANDER + FRASCO DE PLASTICO TRANSPARENTE + FILME DE POLIETILENO,24 Meses,3205061 DESINFETANTE PARA USO GERAL,30020 REG. SANEANTES - Registro de produtos saneantes,None,None
144,"RESOLUÇÃO-RE nº 255, de 27 de janeiro de 2022",INDUSTRIA QUIMILAB DE PRODUTOS DE LIMPEZA LTDA ME,3.06631-3,VERONA PLUS,5351.016623/2022-69,3.6631.0035.067-7,PRODUTO DE VENDA LIVR,02/2032,VERONA PLUS LAVANDER + BOMBONA PLASTICA + CAIXA DE PAPELAO,24 Meses,3205061 DESINFETANTE PARA USO GERAL,30020 REG. SANEANTES - Registro de produtos saneantes,None,None
145,"RESOLUÇÃO-RE nº 255, de 27 de janeiro de 2022",INDUSTRIA QUIMILAB DE PRODUTOS DE LIMPEZA LTDA ME,3.06631-3,VERONA PLUS,5351.016623/2022-69,3.6631.0035.068-5,PRODUTO DE VENDA LIVR,02/2032,VERONA PLUS LAVANDER + FRASCO DE PLASTICO TRANSPARENTE + CAIXA DE PAPELAO,24 Meses,3205061 DESINFETANTE PARA USO GERAL,30020 REG. SANEANTES - Registro de produtos saneantes,None,None
146,"RESOLUÇÃO-RE nº 255, de 27 de janeiro de 2022",INDUSTRIA QUIMILAB DE PRODUTOS DE LIMPEZA LTDA ME,3.06631-3,VERONA PLUS,5351.016623/2022-69,3.6631.0035.069-3,PRODUTO DE VENDA LIVR,02/2032,VERONA PLUS NATURE + BOMBONA PLASTICA + FILME DE POLIETILENO,24 Meses,3205061 DESINFETANTE PARA USO GERAL,30020 REG. SANEANTES - Registro de produtos saneantes,None,None
147,"RESOLUÇÃO-RE nº 255, de 27 de janeiro de 2022",INDUSTRIA QUIMILAB DE PRODUTOS DE LIMPEZA LTDA ME,3.06631-3,VERONA PLUS,5351.016623/2022-69,3.6631.0035.070-7,PRODUTO DE VENDA LIVR,02/2032,VERONA PLUS NATURE + FRASCO DE PLASTICO TRANSPARENTE + FILME DE POLIETILENO,24 Meses,3205061 DESINFETANTE PARA USO GERAL,30020 REG. SANEANTES - Registro de produtos saneantes,None,None
148,"RESOLUÇÃO-RE nº 255, de 27 de janeiro de 2022",INDUSTRIA QUIMILAB DE PRODUTOS DE LIMPEZA LTDA ME,3.06631-3,VERONA PLUS,5351.016623/2022-69,3.6631.0035.071-5,PRODUTO DE VENDA LIVR,02/2032,VERONA PLUS NATURE + BOMBONA PLASTICA + CAIXA DE PAPELAO,24 Meses,3205061 DESINFETANTE PARA USO GERAL,30020 REG. SANEANTES - Registro de produtos saneantes,None,None
149,"RESOLUÇÃO-RE nº 255, de 27 de janeiro de 2022",INDUSTRIA QUIMILAB DE PRODUTOS DE LIMPEZA LTDA ME,3.06631-3,VERONA PLUS,5351.016623/2022-69,3.6631.0035.072-3,PRODUTO DE VENDA LIVR,02/2032,VERONA PLUS NATURE + FRASCO DE PLASTICO TRANSPARENTE + CAIXA DE PAPELAO,24 Meses,3205061 DESINFETANTE PARA USO GERAL,30020 REG. SANEANTES - Registro de produtos saneantes,None,None
150,"RESOLUÇÃO-RE nº 255, de 27 de janeiro de 2022",INDUSTRIA QUIMILAB DE PRODUTOS DE LIMPEZA LTDA ME,3.06631-3,VERONA PLUS,5351.016623/2022-69,3.6631.0035.073-1,PRODUTO DE VENDA LIVR,02/2032,VERONA PLUS FRUTIS + BOMBONA PLASTICA + FILME DE POLIETILENO,24 Meses,3205061 DESINFETANTE PARA USO GERAL,30020 REG. SANEANTES - Registro de produtos saneantes,None,None
151,"RESOLUÇÃO-RE nº 255, de 27 de janeiro de 2022",INDUSTRIA QUIMILAB DE PRODUTOS DE LIMPEZA LTDA ME,3.06631-3,VERONA PLUS,5351.016623/2022-69,3.6631.0035.074-1,PRODUTO DE VENDA LIVR,02/2032,VERONA PLUS FRUTIS + FRASCO DE PLASTICO TRANSPARENTE + FILME DE POLIETILENO,24 Meses,3205061 DESINFETANTE PARA USO GERAL,30020 REG. SANEANTES - Registro de produtos saneantes,None,None
152,"RESOLUÇÃO-RE nº 255, de 27 de janeiro de 2022",INDUSTRIA QUIMILAB DE PRODUTOS DE LIMPEZA LTDA ME,3.06631-3,VERONA PLUS,5351.016623/2022-69,3.6631.0035.075-8,PRODUTO DE VENDA LIVR,02/2032,VERONA PLUS FRUTIS + BOMBONA PLASTICA + CAIXA DE PAPELAO,24 Meses,3205061 DESINFETANTE PARA USO GERAL,30020 REG. SANEANTES - Registro de produtos saneantes,None,None
153,"RESOLUÇÃO-RE nº 255, de 27 de janeiro de 2022",INDUSTRIA QUIMILAB DE PRODUTOS DE LIMPEZA LTDA ME,3.06631-3,VERONA PLUS,5351.016623/2022-69,3.6631.0035.076-6,PRODUTO DE VENDA LIVR,02/2032,VERONA PLUS FRUTIS + FRASCO DE PLASTICO TRANSPARENTE + CAIXA DE PAPELAO,24 Meses,3205061 DESINFETANTE PARA USO GERAL,30020 REG. SANEANTES - Registro de produtos saneantes,None,None
154,"RESOLUÇÃO-RE nº 255, de 27 de janeiro de 2022",INDUSTRIA QUIMILAB DE PRODUTOS DE LIMPEZA LTDA ME,3.06631-3,VERONA PLUS,5351.016623/2022-69,3.6631.0035.077-4,PRODUTO DE VENDA LIVR,02/2032,VERONA PLUS OCEANIC + BOMBONA PLASTICA + FILME DE POLIETILENO,24 Meses,3205061 DESINFETANTE PARA USO GERAL,30020 REG. SANEANTES - Registro de produtos saneantes,None,None
155,"RESOLUÇÃO-RE nº 255, de 27 de janeiro de 2022",INDUSTRIA QUIMILAB DE PRODUTOS DE LIMPEZA LTDA ME,3.06631-3,VERONA PLUS,5351.016623/2022-69,3.6631.0035.078-2,PRODUTO DE VENDA LIVR,02/2032,VERONA PLUS OCEANIC + FRASCO DE PLASTICO TRANSPARENTE + FILME DE POLIETILENO,24 Meses,3205061 DESINFETANTE PARA USO GERAL,30020 REG. SANEANTES - Registro de produtos saneantes,None,None
156,"RESOLUÇÃO-RE nº 255, de 27 de janeiro de 2022",INDUSTRIA QUIMILAB DE PRODUTOS DE LIMPEZA LTDA ME,3.06631-3,VERONA PLUS,5351.016623/2022-69,3.6631.0035.079-0,PRODUTO DE VENDA LIVR,02/2032,VERONA PLUS OCEANIC + BOMBONA PLASTICA + CAIXA DE PAPELAO,24 Meses,3205061 DESINFETANTE PARA USO GERAL,30020 REG. SANEANTES - Registro de produtos saneantes,None,None
157,"RESOLUÇÃO-RE nº 255, de 27 de janeiro de 2022",INDUSTRIA QUIMILAB DE PRODUTOS DE LIMPEZA LTDA ME,3.06631-3,VERONA PLUS,5351.016623/2022-69,3.6631.0035.080-4,PRODUTO DE VENDA LIVR,02/2032,VERONA PLUS OCEANIC + FRASCO DE PLASTICO TRANSPARENTE + CAIXA DE PAPELAO,24 Meses,3205061 DESINFETANTE PARA USO GERAL,30020 REG. SANEANTES - Registro de produtos saneantes,None,None
158,"RESOLUÇÃO-RE nº 255, de 27 de janeiro de 2022",INDÚSTRIAS ANHEMBI LTDA.,3.01940-9,CLORO GEL SUPER CANDIDA,5351.207379/2020-80,3.1940.0036.001-6,PRODUTO DE VENDA LIVRE,04/2030,FRASCO DE PLASTICO OPACO + CAIXA DE PAPELAO,1 Ano(s),3205061 DESINFETANTE PARA USO GERAL,389 REG. SANEANTES - Alteração de Rotulagem de Produto,0311231/22-5,None
159,"RESOLUÇÃO-RE nº 255, de 27 de janeiro de 2022",INDÚSTRIAS ANHEMBI LTDA.,3.01940-9,CLORO GEL SUPER CANDIDA,5351.207379/2020-80,3.1940.0036.002-4,PRODUTO DE VENDA LIVRE,04/2030,FRASCO DE PLASTICO OPACO + CAIXA DE PAPELAO,1 Ano(s),3205061 DESINFETANTE PARA USO GERAL,331 REG. SANEANTES - Nova versão de Produto,3942044/21-8,ORIGINAL
160,"RESOLUÇÃO-RE nº 255, de 27 de janeiro de 2022",INDÚSTRIAS ANHEMBI LTDA.,3.01940-9,CLORO GEL SUPER CANDIDA,5351.207379/2020-80,3.1940.0036.002-4,PRODUTO DE VENDA LIVRE,04/2030,FRASCO DE PLASTICO OPACO + CAIXA DE PAPELAO,1 Ano(s),3205061 DESINFETANTE PARA USO GERAL,389 REG. SANEANTES - Alteração de Rotulagem de Produto,0311231/22-5,LAVANDA
161,"RESOLUÇÃO-RE nº 255, de 27 de janeiro de 2022",INDÚSTRIAS ANHEMBI LTDA.,3.01940-9,CLORO GEL QBOA,5351.207398/2020-14,3.1940.0035.001-0,PRODUTO DE VENDA LIVRE,04/2030,FRASCO DE PLASTICO OPACO + CAIXA DE PAPELAO,1 Ano(s),3205061 DESINFETANTE PARA USO GERAL,389 REG. SANEANTES - Alteração de Rotulagem de Produto,0311459/22-6,LAVANDA
162,"RESOLUÇÃO-RE nº 255, de 27 de janeiro de 2022",INDÚSTRIAS ANHEMBI LTDA.,3.01940-9,CLORO GEL QBOA,5351.207398/2020-14,3.1940.0035.002-9,PRODUTO DE VENDA LIVRE,04/2030,FRASCO DE PLASTICO OPACO + CAIXA DE PAPELAO,1 Ano(s),3205061 DESINFETANTE PARA USO GERAL,331 REG. SANEANTES - Nova versão de Produto,3941880/21-7,LAVANDA
163,"RESOLUÇÃO-RE nº 255, de 27 de janeiro de 2022",INDÚSTRIAS ANHEMBI LTDA.,3.01940-9,CLORO GEL QBOA,5351.207398/2020-14,3.1940.0035.002-9,PRODUTO DE VENDA LIVRE,04/2030,FRASCO DE PLASTICO OPACO + CAIXA DE PAPELAO,1 Ano(s),3205061 DESINFETANTE PARA USO GERAL,389 REG. SANEANTES - Alteração de Rotulagem de Produto,0311459/22-6,LAVANDA
164,"RESOLUÇÃO-RE nº 255, de 27 de janeiro de 2022",INSDUSTRIA E COMERCIO LUCIA LTDA-ME,3.03231-2,DESINFETANTE VERÔNICA,5351.023454/2022-13,3.3231.0011.001-5,PRODUTO DE VENDA LIVRE,02/2032,ALFAZEMA + GALAO PLASTICO + CAIXA DE PAPELAO,24 Meses,3205061 DESINFETANTE PARA USO GERAL,30020 REG. SANEANTES - Registro de produtos saneantes,None,None
165,"RESOLUÇÃO-RE nº 255, de 27 de janeiro de 2022",INSDUSTRIA E COMERCIO LUCIA LTDA-ME,3.03231-2,DESINFETANTE VERÔNICA,5351.023454/2022-13,3.3231.0011.002-3,PRODUTO DE VENDA LIVRE,02/2032,CAMPESTRE + GALAO PLASTICO + CAIXA DE PAPELAO,24 Meses,3205061 DESINFETANTE PARA USO GERAL,30020 REG. SANEANTES - Registro de produtos saneantes,None,None
166,"RESOLUÇÃO-RE nº 255, de 27 de janeiro de 2022",INSDUSTRIA E COMERCIO LUCIA LTDA-ME,3.03231-2,DESINFETANTE VERÔNICA,5351.023454/2022-13,3.3231.0011.003-1,PRODUTO DE VENDA LIVRE,02/2032,DESOLUX + GALAO PLASTICO + CAIXA DE PAPELAO,24 Meses,3205061 DESINFETANTE PARA USO GERAL,30020 REG. SANEANTES - Registro de produtos saneantes,None,None
167,"RESOLUÇÃO-RE nº 255, de 27 de janeiro de 2022",INSDUSTRIA E COMERCIO LUCIA LTDA-ME,3.03231-2,DESINFETANTE VERÔNICA,5351.023454/2022-13,3.3231.0011.004-1,PRODUTO DE VENDA LIVRE,02/2032,LAVANDA + GALAO PLASTICO + CAIXA DE PAPELAO,24 Meses,3205061 DESINFETANTE PARA USO GERAL,30020 REG. SANEANTES - Registro de produtos saneantes,None,None
168,"RESOLUÇÃO-RE nº 255, de 27 de janeiro de 2022",INSDUSTRIA E COMERCIO LUCIA LTDA-ME,3.03231-2,DESINFETANTE VERÔNICA,5351.023454/2022-13,3.3231.0011.005-8,PRODUTO DE VENDA LIVRE,02/2032,TALCO + GALAO PLASTICO + CAIXA DE PAPELAO,24 Meses,3205061 DESINFETANTE PARA USO GERAL,30020 REG. SANEANTES - Registro de produtos saneantes,None,None
169,"RESOLUÇÃO-RE nº 255, de 27 de janeiro de 2022",INSDUSTRIA E COMERCIO LUCIA LTDA-ME,3.03231-2,DESINFETANTE VERÔNICA,5351.023454/2022-13,3.3231.0011.006-6,PRODUTO DE VENDA LIVRE,02/2032,FLORAL + GALAO PLASTICO + CAIXA DE PAPELAO,24 Meses,3205061 DESINFETANTE PARA USO GERAL,30020 REG. SANEANTES - Registro de produtos saneantes,None,None
170,"RESOLUÇÃO-RE nº 255, de 27 de janeiro de 2022",INSDUSTRIA E COMERCIO LUCIA LTDA-ME,3.03231-2,DESINFETANTE VERÔNICA,5351.023454/2022-13,3.3231.0011.007-4,PRODUTO DE VENDA LIVRE,02/2032,EUCALIPTO + GALAO PLASTICO + CAIXA DE PAPELAO,24 Meses,3205061 DESINFETANTE PARA USO GERAL,30020 REG. SANEANTES - Registro de produtos saneantes,None,None
171,"RESOLUÇÃO-RE nº 255, de 27 de janeiro de 2022",INSDUSTRIA E COMERCIO LUCIA LTDA-ME,3.03231-2,DESINFETANTE VERÔNICA,5351.023454/2022-13,3.3231.0011.008-2,PRODUTO DE VENDA LIVRE,02/2032,PINHO + GALAO PLASTICO + CAIXA DE PAPELAO,24 Meses,3205061 DESINFETANTE PARA USO GERAL,30020 REG. SANEANTES - Registro de produtos saneantes,None,None
172,"RESOLUÇÃO-RE nº 255, de 27 de janeiro de 2022",KI LIMPO DO BRASIL LTDA,3.05271-3,LIMPADOR CONCENTRADO FLOT KLEAN 10,5351.016590/2022-57,3.5271.0029.001-9,PRODUTO DE USO PROFISSIONAL OU DE VENDA RESTRITA,02/2032,TRADICIONAL + GALAO PLASTICO + CAIXA DE PAPELAO,24 Meses,3222021 LIMPADOR DE USO GERAL,30020 REG. SANEANTES - Registro de produtos saneantes,None,None
173,"RESOLUÇÃO-RE nº 255, de 27 de janeiro de 2022",KI LIMPO DO BRASIL LTDA,3.05271-3,LIMPADOR CONCENTRADO FLOT KLEAN 10,5351.016590/2022-57,3.5271.0029.002-7,PRODUTO DE USO PROFISSIONAL OU DE VENDA RESTRITA,02/2032,TRADICIONAL + BOMBONA PLASTICA + PRODUTO SOMENTE CONTEM EMBALAGEM PRIMARIA,24 Meses,3222021 LIMPADOR DE USO GERAL,30020 REG. SANEANTES - Registro de produtos saneantes,None,None
174,"RESOLUÇÃO-RE nº 255, de 27 de janeiro de 2022",KOMBATE SAUDE AMBIENTAL LTDA - EPP,3.07934-7,RATICIDA RATHÃO,5351.016618/2022-56,3.7934.0011.001-7,PRODUTO DE VENDA LIVRE,02/2032,FILME DE POLIETILENO + CAIXA DE PAPELAO,24 Meses,3207013 RATICIDA DE VENDA LIVRE,30020 REG. SANEANTES - Registro de produtos saneantes,None,None
175,"RESOLUÇÃO-RE nº 255, de 27 de janeiro de 2022",KOMBATE SAUDE AMBIENTAL LTDA - EPP,3.07934-7,RATICIDA RATHÃO,5351.016618/2022-56,3.7934.0011.002-5,PRODUTO DE VENDA LIVRE,02/2032,FILME DE POLIETILENO + CAIXA DE PAPELAO,24 Meses,3207013 RATICIDA DE VENDA LIVRE,30020 REG. SANEANTES - Registro de produtos saneantes,None,None
176,"RESOLUÇÃO-RE nº 255, de 27 de janeiro de 2022",KOMBATE SAUDE AMBIENTAL LTDA - EPP,3.07934-7,RATICIDA RATHÃO,5351.016618/2022-56,3.7934.0011.003-3,PRODUTO DE VENDA LIVRE,02/2032,FILME DE POLIETILENO + CAIXA DE PAPELAO,24 Meses,3207013 RATICIDA DE VENDA LIVRE,30020 REG. SANEANTES - Registro de produtos saneantes,None,None
177,"RESOLUÇÃO-RE nº 255, de 27 de janeiro de 2022",LG CLEAN FABRICACAO DE PRODUTOS DE LIMPEZA LTDA,3.10290-4,ÁGUA SANITÁRIA LG CLEAN,5351.891762/2021-93,3.0290.0001.001-9,PRODUTO DE VENDA LIVRE,02/2032,FRASCO DE PLASTICO OPACO GOTEJADOR + CAIXA DE PAPELAO,6 Meses,3103033 ÁGUA SANITÁRIA,30020 REG. SANEANTES - Registro de produtos saneantes,None,None
178,"RESOLUÇÃO-RE nº 255, de 27 de janeiro de 2022",LIMPEMAX INDÚSTRIA E COMÉRCIO DE PRODUTOS DE LIMPEZA LTDA. EPP,3.03901-7,Desinfetante de Uso Geral Limpemax,5351.020506/2022-08,3.3901.0006.001-4,PRODUTO DE VENDA LIVRE,02/2032,Única + BOMBONA PLÁSTICA TRANSLÚCIDA + PRODUTO SOMENTE CONTEM EMBALAGEM PRIMARIA,24 Meses,3205061 DESINFETANTE PARA USO GERAL,30020 REG. SANEANTES - Registro de produtos saneantes,None,None
179,"RESOLUÇÃO-RE nº 255, de 27 de janeiro de 2022",LIMPEMAX INDÚSTRIA E COMÉRCIO DE PRODUTOS DE LIMPEZA LTDA. EPP,3.03901-7,Desinfetante de Uso Geral Limpemax,5351.020506/2022-08,3.3901.0006.002-2,PRODUTO DE VENDA LIVRE,02/2032,Única + FRASCO DE PLASTICO TRANSPARENTE + PRODUTO SOMENTE CONTEM EMBALAGEM PRIMARIA,24 Meses,3205061 DESINFETANTE PARA USO GERAL,30020 REG. SANEANTES - Registro de produtos saneantes,None,None
180,"RESOLUÇÃO-RE nº 255, de 27 de janeiro de 2022",LIMPEMAX INDÚSTRIA E COMÉRCIO DE PRODUTOS DE LIMPEZA LTDA. EPP,3.03901-7,Desinfetante de Uso Geral Limpemax,5351.020506/2022-08,3.3901.0006.003-0,PRODUTO DE VENDA LIVRE,02/2032,Única + FRASCO DE PLÁSTICO TRANSLÚCIDO + PRODUTO SOMENTE CONTEM EMBALAGEM PRIMARIA,24 Meses,3205061 DESINFETANTE PARA USO GERAL,30020 REG. SANEANTES - Registro de produtos saneantes,None,None
181,"RESOLUÇÃO-RE nº 255, de 27 de janeiro de 2022",LS PRODUTOS DE LIMPEZA EIRELI,3.10126-9,ÁCIDO MURIÁTICO DULAR,5351.089675/2021-73,3.0126.0008.001-3,PRODUTO DE VENDA LIVRE,02/2032,NÃO APRESENTA + FRASCO DE PLASTICO OPACO + CAIXA DE PAPELAO,24 Meses,3222033 LIMPA PISOS,30020 REG. SANEANTES - Registro de produtos saneantes,None,None
182,"RESOLUÇÃO-RE nº 255, de 27 de janeiro de 2022",MUSTANG PLURON QUÍMICA LTDA,3.00546-2,SAMPROX-H 5%,5351.188042/2019-22,3.0546.3162.001-5,,05/2029,GALAO PLASTICO + CAIXA DE PAPELAO,9 Meses,3204014 ESTERILIZANTE,312 REG. SANEANTES - Mudança de Categoria de Produto,3212316/21-7,None
183,"RESOLUÇÃO-RE nº 255, de 27 de janeiro de 2022",PHILIPEIA INDUSTRIA QUIMICA LTDA,3.08335-4,DESINFE-Q,5351.020514/2022-46,3.8335.0002.001-2,PRODUTO DE VENDA LIVR,02/2032,ÁGUAS MARINHAS + BOMBONA PLASTICA OPACA + CAIXA DE PAPELAO,24 Meses,3205061 DESINFETANTE PARA USO GERAL,30020 REG. SANEANTES - Registro de produtos saneantes,None,None
184,"RESOLUÇÃO-RE nº 255, de 27 de janeiro de 2022",PHILIPEIA INDUSTRIA QUIMICA LTDA,3.08335-4,DESINFE-Q,5351.020514/2022-46,3.8335.0002.002-0,PRODUTO DE VENDA LIVR,02/2032,ÁGUAS MARINHAS + FRASCO DE PLASTICO TRANSPARENTE + CAIXA DE PAPELAO,24 Meses,3205061 DESINFETANTE PARA USO GERAL,30020 REG. SANEANTES - Registro de produtos saneantes,None,None
185,"RESOLUÇÃO-RE nº 255, de 27 de janeiro de 2022",PHILIPEIA INDUSTRIA QUIMICA LTDA,3.08335-4,DESINFE-Q,5351.020514/2022-46,3.8335.0002.003-9,PRODUTO DE VENDA LIVR,02/2032,HERBAL + BOMBONA PLASTICA OPACA + CAIXA DE PAPELAO,24 Meses,3205061 DESINFETANTE PARA USO GERAL,30020 REG. SANEANTES - Registro de produtos saneantes,None,None
186,"RESOLUÇÃO-RE nº 255, de 27 de janeiro de 2022",PHILIPEIA INDUSTRIA QUIMICA LTDA,3.08335-4,DESINFE-Q,5351.020514/2022-46,3.8335.0002.004-7,PRODUTO DE VENDA LIVR,02/2032,HERBAL + FRASCO DE PLASTICO TRANSPARENTE + CAIXA DE PAPELAO,24 Meses,3205061 DESINFETANTE PARA USO GERAL,30020 REG. SANEANTES - Registro de produtos saneantes,None,None
187,"RESOLUÇÃO-RE nº 255, de 27 de janeiro de 2022",PRODUTOS QUIMICOS SALTE LTDA.,3.00013-0,DESINFETANTE DEBRILHO,5351.898050/2021-03,3.0013.0010.001-3,PRODUTO DE VENDA LIVRE,02/2032,FLORAL + FRASCO DE PLASTICO OPACO + CAIXA DE PAPELAO,24 Meses,3205061 DESINFETANTE PARA USO GERAL,30020 REG. SANEANTES - Registro de produtos saneantes,None,None
188,"RESOLUÇÃO-RE nº 255, de 27 de janeiro de 2022",PRODUTOS QUIMICOS SALTE LTDA.,3.00013-0,DESINFETANTE DEBRILHO,5351.898050/2021-03,3.0013.0010.002-1,PRODUTO DE VENDA LIVRE,02/2032,FLORAL + GALAO PLASTICO + PRODUTO SOMENTE CONTEM EMBALAGEM PRIMARIA,24 Meses,3205061 DESINFETANTE PARA USO GERAL,30020 REG. SANEANTES - Registro de produtos saneantes,None,None
189,"RESOLUÇÃO-RE nº 255, de 27 de janeiro de 2022",PRODUTOS QUIMICOS SALTE LTDA.,3.00013-0,DESINFETANTE DEBRILHO,5351.898050/2021-03,3.0013.0010.003-1,PRODUTO DE VENDA LIVRE,02/2032,LAVANDA + FRASCO DE PLASTICO OPACO + CAIXA DE PAPELAO,24 Meses,3205061 DESINFETANTE PARA USO GERAL,30020 REG. SANEANTES - Registro de produtos saneantes,None,None
190,"RESOLUÇÃO-RE nº 255, de 27 de janeiro de 2022",PRODUTOS QUIMICOS SALTE LTDA.,3.00013-0,DESINFETANTE DEBRILHO,5351.898050/2021-03,3.0013.0010.004-8,PRODUTO DE VENDA LIVRE,02/2032,LAVANDA + GALAO PLASTICO + PRODUTO SOMENTE CONTEM EMBALAGEM PRIMARIA,24 Meses,3205061 DESINFETANTE PARA USO GERAL,30020 REG. SANEANTES - Registro de produtos saneantes,None,None
191,"RESOLUÇÃO-RE nº 255, de 27 de janeiro de 2022",PROLIMPO-INDUSTRIA E COMERCIO DE PRODUTOS QUIMICOS LTDA - EPP,3.01429-5,MAGNUM CHM,5351.465446/2011-17,3.1429.0004.001-5,PRODUTO DE USO PROFISSIONAL OU DE VENDA RESTRITA,01/2027,BOMBONA PLASTICA,24 Meses,3222029 DESINCRUSTANTE ÁCIDO,3782 REG. SANEANTES - Retificação de Publicação de Registro,0107524/22-8,None
192,"RESOLUÇÃO-RE nº 255, de 27 de janeiro de 2022",QUIMITEC QUÍMICA INDUSTRIAL LTDA,3.03075-4,DOMITEC DC 550,5351.790437/2021-12,3.3075.0010.001-5,PRODUTO DE USO PROFISSIONAL OU DE VENDA RESTRITA,02/2032,BOMBONA PLASTICA + FILME DE POLIETILENO,24 Meses,3222029 DESINCRUSTANTE ÁCIDO,30020 REG. SANEANTES - Registro de produtos saneantes,None,None
193,"RESOLUÇÃO-RE nº 255, de 27 de janeiro de 2022",QUIMITEC QUÍMICA INDUSTRIAL LTDA,3.03075-4,DOMITEC DC 550,5351.790437/2021-12,3.3075.0010.002-3,PRODUTO DE USO PROFISSIONAL OU DE VENDA RESTRITA,02/2032,BOMBONA PLASTICA + CAIXA DE PAPELAO,24 Meses,3222029 DESINCRUSTANTE ÁCIDO,30020 REG. SANEANTES - Registro de produtos saneantes,None,None
194,"RESOLUÇÃO-RE nº 255, de 27 de janeiro de 2022",RIZELAR INDUSTRIA E COMERCIO DE ARTIGOS DE LIMPEZA LTDA EPP,3.01874-9,ÁLCOOL RIZELAR,5351.014305/2022-63,3.1874.0033.001-4,PRODUTO DE USO PROFISSIONAL OU DE VENDA RESTRITA,02/2032,BOMBONA PLASTICA + PRODUTO SOMENTE CONTEM EMBALAGEM PRIMARIA,24 Meses,3205029 DESINFETANTE HOSPITALAR PARA SUPERFÍCIES FIXAS E ARTIGOS NÃO CRÍTICOS,30020 REG. SANEANTES - Registro de produtos saneantes,None,None
195,"RESOLUÇÃO-RE nº 255, de 27 de janeiro de 2022",TECPON INDÚSTRIA E COMÉRCIO DE PRODUTOS QUÍMICOS LTDA,3.01780-6,TECPON BG 10,5351.019003/2021-09,3.1780.0074.001-1,PRODUTO DE USO PROFISSIONAL OU DE VENDA RESTRITA,02/2032,UNICA + FRASCO DE PLASTICO OPACO + CAIXA DE PAPELAO,24 Meses,3205061 DESINFETANTE PARA USO GERAL,30020 REG. SANEANTES - Registro de produtos saneantes,None,None
196,"RESOLUÇÃO-RE nº 255, de 27 de janeiro de 2022",TECPON INDÚSTRIA E COMÉRCIO DE PRODUTOS QUÍMICOS LTDA,3.01780-6,TECPON BG 10,5351.019003/2021-09,3.1780.0074.002-1,PRODUTO DE USO PROFISSIONAL OU DE VENDA RESTRITA,02/2032,UNICA + FRASCO DE PLASTICO TRANSPARENTE + CAIXA DE PAPELAO,24 Meses,3205061 DESINFETANTE PARA USO GERAL,30020 REG. SANEANTES - Registro de produtos saneantes,None,None
197,"RESOLUÇÃO-RE nº 255, de 27 de janeiro de 2022",TECPON INDÚSTRIA E COMÉRCIO DE PRODUTOS QUÍMICOS LTDA,3.01780-6,TECPON BG 10,5351.019003/2021-09,3.1780.0074.003-8,PRODUTO DE USO PROFISSIONAL OU DE VENDA RESTRITA,02/2032,UNICA + BOMBONA PLASTICA + CAIXA DE PAPELAO,24 Meses,3205061 DESINFETANTE PARA USO GERAL,30020 REG. SANEANTES - Registro de produtos saneantes,None,None
198,"RESOLUÇÃO-RE nº 255, de 27 de janeiro de 2022",TECPON INDÚSTRIA E COMÉRCIO DE PRODUTOS QUÍMICOS LTDA,3.01780-6,TECPON BG 10,5351.019003/2021-09,3.1780.0074.004-6,PRODUTO DE USO PROFISSIONAL OU DE VENDA RESTRITA,02/2032,UNICA + BOMBONA PLASTICA + PRODUTO SOMENTE CONTEM EMBALAGEM PRIMARIA,24 Meses,3205061 DESINFETANTE PARA USO GERAL,30020 REG. SANEANTES - Registro de produtos saneantes,None,None
199,"RESOLUÇÃO-RE nº 255, de 27 de janeiro de 2022",Z S FABRICANTE DE PRODUTOS DE LIMPEZA LTDA,3.09287-5,OMINIRID DESINFETANTE,5351.100465/2021-43,3.9287.0003.001-1,PRODUTO DE VENDA LIVRE,02/2032,ÚNICA + FRASCO DE PLÁSTICO TRANSLÚCIDO COM GATILHO + PRODUTO SOMENTE CONTEM EMBALAGEM PRIMARIA,24 Meses,3205061 DESINFETANTE PARA USO GERAL,30020 REG. SANEANTES - Registro de produtos saneantes',None,None
